ri_left,ri_right,ri_same,ri_ht,rm_left,rm_right,rm_same,rm_ht,rr_left,rr_right,rr_same,rr_ht,r_cap_ht,rl_left,rl_right,rl_same,rl_ht,li_left,li_right,li_same,li_ht,l_cap_ht,lm_left,lm_right,lm_same,lm_ht,lr_left,lr_right,lr_same,lr_ht,ll_left,ll_right,ll_same,ll_ht,cpm,sb_dd,sb_ht,key_sb,accuracy,user
0.12176391056605748,0.191111421585083,0.1943950653076172,0.1215774134585732,0.12793254852294922,0.15962553024291992,0.19971683025360107,0.13181760576036242,0.13317912817001346,0.2048214673995972,0.16705107688903809,0.13735243678092954,0.16025614738464355,0.18163797932286416,0.26082205772399897,0.1871051788330078,0.11139655113220216,0.274510281426566,0.0931553840637207,0.2525689930965503,0.17310229937235513,0.19758403301239014,0.10004720687866213,0.09110821377147328,0.3386614322662353,0.09459234476089476,0.14388322830200195,0.3125729560852051,0.20513783848803974,0.16005887304033553,0.2272768020629883,0.10047926221575056,0.0,0.13944024306077224,378.0,0.09735608100891112,0.07601402022621849,0.17989230155944824,99.2063492063492,0.0
0.1941439310709636,0.17670682498386928,0.24226632793744404,0.1865151971578598,0.1164094607035319,0.13366782665252686,0.19971683025360107,0.10196135441462201,0.11508361498514813,0.20627029736836752,0.1757708191871643,0.11671809589161593,0.22436667760213214,0.1479201316833496,0.2559528962985889,0.24409897510822004,0.10426759719848633,0.15629446506500244,0.10325345993041993,0.08437490463256836,0.11697841882705687,0.1838228702545166,0.13294572830200194,0.10396345456441244,0.20010459423065186,0.11139358972248277,0.22777771949768064,0.1065693497657776,0.20513783848803974,0.11424252390861513,0.13993501663208008,0.07075905799865723,0.0,0.08968329429626465,382.5,0.15665277190830396,0.07929075282552968,0.1985314434224909,99.6078431372549,0.0
0.10887539386749268,0.1957297921180725,0.24226632793744404,0.1436171531677246,0.16416449546813966,0.3180786768595378,0.17256999015808105,0.19352405071258544,0.13880650202433267,0.19162249565124512,0.1778944730758667,0.1379439180547541,0.3096925417582194,0.16943657398223874,0.2559528962985889,0.24409897510822004,0.16943657398223874,0.2433438301086425,0.2066205739974976,0.13034510612487793,0.17429714202880858,0.17149953842163085,0.17374618848164874,0.11469618479410808,0.0799717903137207,0.12345987558364868,0.06004691123962402,0.15119528770446775,0.20513783848803974,0.11355280876159668,0.19394195079803467,0.2933773994445801,0.0,0.2045855787065294,366.0,0.10597875538994284,0.08687799117144418,0.2381923794746399,99.18032786885244,0.0
0.09074735641479492,0.1886154810587565,0.17362022399902344,0.1002280963094611,0.11891889572143555,0.22256183624267573,0.19971683025360107,0.17074036598205564,0.1156287670135498,0.21052818298339845,0.18425132594411334,0.14697549740473428,0.22436667760213214,0.4281133413314819,0.2559528962985889,0.24409897510822004,0.4281133413314819,0.1992675463358561,0.1577819756099156,0.19395697116851807,0.14040511846542358,0.22409534454345706,0.08933541178703308,0.10246917179652623,0.21736493110656727,0.095270958813754,0.15377098321914673,0.09102451801300047,0.1643218994140625,0.12413913011550905,0.08216381072998047,0.10123229026794434,0.0,0.09333006540934244,363.75,0.11143159866333008,0.07547345426347521,0.19429888444788315,100.0,0.0
0.13774486021562055,0.2046351432800293,0.17443203926086426,0.15071280379044386,0.11291328072547913,0.263595978418986,0.19971683025360107,0.15400856191461734,0.1245639721552531,0.16102010011672974,0.18425132594411334,0.13343403556130148,0.19725608825683594,0.18163797932286416,0.1900348663330078,0.24409897510822004,0.1900348663330078,0.17036986351013186,0.11409102167401995,0.18112611770629888,0.12433402161849172,0.3322203755378723,0.20788304011027006,0.12188541889190675,0.2005929946899414,0.1294736623764038,0.25672292709350586,0.11421799659729005,0.184251070022583,0.12792534828186036,0.10210633277893066,0.16197562217712402,0.0,0.12780609726905826,367.8,0.1163316700193617,0.07330542140536839,0.2074135343233744,100.0,0.0
0.1312413215637207,0.18299357096354169,0.24226632793744404,0.14849207136366102,0.12825318177541098,0.13412690162658691,0.2568957805633545,0.11020418575831822,0.14588189125061035,0.2158811569213867,0.18425132594411334,0.15758196512858072,0.3453830083211263,0.18163797932286416,0.2559528962985889,0.24409897510822004,0.15548205375671387,0.2063295841217041,0.12472354041205512,0.2525689930965503,0.12102152990258258,0.2334051214731657,0.13479379812876385,0.10617123331342423,0.22898292541503906,0.11858797073364258,0.0974284013112386,0.12485059102376304,0.20513783848803974,0.10775889669145856,0.2964324951171875,0.2383098602294922,0.0,0.20009937286376955,368.0,0.12256865700085955,0.08190188805262248,0.2055566083817255,99.8641304347826,0.0
0.16791967912153766,0.18773698806762693,0.24226632793744404,0.16789397071389592,0.24672134717305505,0.34351110458374023,0.19971683025360107,0.2187090184953477,0.30312418937683105,0.2740799188613892,0.18425132594411334,0.2549740473429362,0.22436667760213214,0.18163797932286416,0.1940290927886963,0.24409897510822004,0.1940290927886963,0.29779509135655,0.1847108006477356,0.2265239953994751,0.1918630732430352,0.2334051214731657,0.12277022997538248,0.18523440758387247,0.2194998264312744,0.13680624961853027,0.14749892552693686,0.13642785783227718,0.18782901763916016,0.11859118938446045,0.13091172098656725,0.1257554292678833,0.0,0.1306448777516683,360.8571428571428,0.11151671409606934,0.08165599318111644,0.20013494789600367,100.0,0.0
0.2372384468714396,0.2196643352508545,0.16323089599609375,0.2159364363726448,0.34937100410461425,0.2068800926208496,0.19971683025360107,0.3086593151092529,0.2870769023895264,0.3110483487447103,0.18425132594411334,0.2521346569061279,0.20488262176513672,0.18163797932286416,0.2559528962985889,0.24409897510822004,0.08744001388549805,0.3137791156768799,0.18773992856343588,0.1656588315963745,0.14905156808740952,0.2658041954040528,0.2283294200897217,0.11858805020650227,0.14224302768707275,0.13063092665238815,0.1849994659423828,0.13642785783227718,0.20513783848803974,0.14756816625595093,0.13091172098656725,0.13171776135762533,0.0,0.13171776135762533,354.0,0.09730778020970962,0.09596743303186753,0.2291226820512252,99.89406779661016,0.0
0.13125941157341006,0.230374813079834,0.17738842964172366,0.1635218858718872,0.12852650880813601,0.18223611513773602,0.19971683025360107,0.13351096047295466,0.12868547439575195,0.20708155632019049,0.18425132594411334,0.12684453617442734,0.2130329608917237,0.18163797932286416,0.22694802284240725,0.24409897510822004,0.22694802284240725,0.2703538417816162,0.12908115983009338,0.2283193270365397,0.14596358935038248,0.2334051214731657,0.13398367166519165,0.1401810646057129,0.13801256815592447,0.12657912572224936,0.10802292823791504,0.13411498069763186,0.20513783848803974,0.10771429538726808,0.14280519485473633,0.1161489486694336,0.0,0.13120055198669436,352.0,0.13380142262107447,0.09284983183208263,0.22279998835395365,99.81060606060606,0.0
0.1359380025130052,0.16796771685282388,0.24226632793744404,0.13878383355982166,0.09109918276468912,0.13707661628723145,0.19971683025360107,0.10527634620666504,0.15424823760986328,0.3473152319590251,0.18425132594411334,0.2507817347844441,0.22436667760213214,0.18163797932286416,0.2559528962985889,0.24409897510822004,0.16582278578763918,0.16916545232137045,0.11520452499389648,0.2525689930965503,0.1193399578332901,0.2334051214731657,0.13706841468811035,0.3360017367771694,0.060042142868041985,0.21850330034891768,0.1492452621459961,0.10058212280273438,0.20513783848803974,0.1328785022099813,0.12729692459106445,0.1450683275858561,0.0,0.1284294393327501,347.4,0.14374987702620656,0.09859467807569,0.29920029640197754,99.48186528497408,0.0
0.14477986097335815,0.18886748949686685,0.1788870096206665,0.13502303759256998,0.16996240615844727,0.17016132672627768,0.19971683025360107,0.15828092892964682,0.1230127215385437,0.19163846969604487,0.21600604057312006,0.1370995385306222,0.22436667760213214,0.12494778633117674,0.17467498779296875,0.24409897510822004,0.14981138706207275,0.22192653020222985,0.234411636988322,0.3147850036621094,0.17519988332475936,0.2334051214731657,0.18159475922584534,0.2692091464996338,0.5190699100494385,0.17741946170204564,0.16329550743103027,0.1448389689127604,0.20513783848803974,0.1352356563914906,0.105513334274292,0.14126014709472656,0.0,0.124605621610369,342.8181818181818,0.1256281534830729,0.08583709398905437,0.23423063755035398,100.0,0.0
0.11102411482069227,0.1813796758651733,0.24226632793744404,0.1259666124979655,0.1725682190486363,0.20499808762157173,0.19971683025360107,0.161532461643219,0.13194787502288818,0.13314509391784668,0.18425132594411334,0.1105750288282122,0.1918470859527588,0.18163797932286416,0.2559528962985889,0.24409897510822004,0.14213454723358154,0.223566472530365,0.1074076493581136,0.2470870018005371,0.1452661078909169,0.2334051214731657,0.09956061840057373,0.2050961256027221,0.15697129567464194,0.14532079194721426,0.07592344284057617,0.236525297164917,0.2518501281738281,0.14276711146036786,0.09898024797439577,0.1124393343925476,0.0,0.1081665645946156,343.75,0.1018217404683431,0.0914251236688523,0.2738328814506531,99.85454545454546,0.0
0.11323614915211995,0.21308279037475586,0.335829496383667,0.1165131900621497,0.11101043224334717,0.38684638341267896,0.19971683025360107,0.2765120029449463,0.12953797976175946,0.18510333697001136,0.18425132594411334,0.14304593205451965,0.22436667760213214,0.18163797932286416,0.20695233345031736,0.18930411338806152,0.11055135726928712,0.2646749496459961,0.13626608848571778,0.17182183265686035,0.1497034524616442,0.2334051214731657,0.11896806293063696,0.1515857908460829,0.19029460634504045,0.12429854604932995,0.15227643648783365,0.1496283213297526,0.2642698287963867,0.12762381813742898,0.1343529224395752,0.16701889038085938,0.0,0.13069823810032435,346.15384615384613,0.12317417968403208,0.09521679444746538,0.1821927915919911,100.0,0.0
0.09572594506399973,0.19547301530838013,0.24226632793744404,0.12526609347416806,0.12655889987945554,0.10490798950195312,0.19971683025360107,0.1193419297536214,0.11878256797790528,0.29383196830749514,0.16521628697713214,0.16428731282552084,0.22436667760213214,0.42219901084899897,0.2559528962985889,0.400153398513794,0.1495618224143982,0.16846362749735513,0.227628231048584,0.13611221313476562,0.14729665307437673,0.2334051214731657,0.2250773906707764,0.10832204818725584,0.1633899211883545,0.15598882734775546,0.16228725546816258,0.11498403549194335,0.20513783848803974,0.09987560907999676,0.17300119400024416,0.15572444331078306,0.0,0.14816641807556152,342.8571428571429,0.16607953310012818,0.09335050582885744,0.2974641072122674,99.875,0.0
0.1158821980158488,0.3375777006149292,0.24226632793744404,0.1713060736656189,0.09563696384429933,0.22434520721435547,0.19971683025360107,0.11256333192189534,0.23843586444854736,0.25725793838500977,0.1722719669342041,0.22197753190994265,0.22436667760213214,0.16067981719970706,0.2559528962985889,0.24409897510822004,0.16067981719970706,0.37234534536089214,0.17541295289993286,0.17796587944030762,0.1910094672983343,0.2334051214731657,0.4763277173042298,0.10745720068613687,0.1628173589706421,0.1827921602461073,0.07639575004577638,0.14496326446533206,0.20513783848803974,0.10433793067932128,0.12512826919555664,0.13419397672017416,0.0,0.1241414017147488,340.0,0.1170972235062543,0.08651458515840417,0.2499387544744155,100.0,0.0
0.11410126686096192,0.17018526792526245,0.2605915069580078,0.11476696729660035,0.19299397468566887,0.19799304008483887,0.19971683025360107,0.19521578152974448,0.10954427719116212,0.19641554355621327,0.18815898895263672,0.11717877388000487,0.22436667760213214,0.18163797932286416,0.2559528962985889,0.24409897510822004,0.0875852108001709,0.16311979293823242,0.11315137147903442,0.1336225668589274,0.11286909491927535,0.15217185020446775,0.07578206062316895,0.18045787811279296,0.18141732215881348,0.11337885103727642,0.14006968339284262,0.06773710250854492,0.20513783848803974,0.1259552836418152,0.06868886947631836,0.1219019889831543,0.0,0.11844209262302945,343.5,0.09503736703292184,0.08934339233066725,0.1897693547335538,99.83624454148472,0.0
0.12238935990767046,0.1652390480041504,0.18913984298706046,0.12873168786366782,0.15423202514648438,0.11498188972473145,0.19971683025360107,0.14114864667256674,0.12700490951538085,0.26807546615600586,0.28146564960479736,0.12889579931894934,0.22436667760213214,0.18163797932286416,0.2559528962985889,0.24409897510822004,0.09742116928100586,0.4675672054290772,0.22038018703460693,0.4332761764526367,0.1992123828214757,0.17601823806762695,0.2033852736155192,0.18341379165649413,0.29739634195963544,0.1647073229153951,0.16599472363789874,0.142960786819458,0.20513783848803974,0.1394869883855184,0.1096709966659546,0.20089411735534668,0.0,0.127915620803833,340.76470588235287,0.13211997817544374,0.08735189718358657,0.2729809602101644,99.84464008285862,0.0
0.11752396821975708,0.15808892250061035,0.2128889560699463,0.11256669549381032,0.13674298922220865,0.16571778059005735,0.19971683025360107,0.141031568700617,0.14092777722547947,0.5271284580230713,0.18425132594411334,0.3087711334228516,0.22436667760213214,0.18163797932286416,0.05051898956298828,0.24409897510822004,0.10344839096069336,0.16553199291229248,0.1219158172607422,0.2525689930965503,0.11281708308628627,0.2334051214731657,0.09220457077026367,0.1768108367919922,0.19210398197174072,0.1286789894104004,0.1303364634513855,0.13642785783227718,0.20513783848803974,0.12062369074140275,0.1663853327433268,0.1148298740386963,0.0,0.1255878448486328,338.6666666666667,0.19787378060190305,0.10016854185807078,0.2937547031201814,99.9507874015748,0.0
0.13710387547810873,0.17337846755981445,0.24226632793744404,0.13109183311462402,0.10178919633229573,0.20615720748901367,0.19971683025360107,0.10720886124504936,0.0936225652694702,0.2593094110488892,0.18425132594411334,0.15480623245239258,0.22436667760213214,0.1349010467529297,0.2559528962985889,0.1790788173675537,0.08917570114135742,0.1970515591757638,0.12670162320137024,0.2525689930965503,0.1400620937347412,0.2334051214731657,0.11915197968482973,0.13188831011454266,0.23965251445770264,0.11740178810922725,0.15071741739908853,0.12099862098693848,0.20513783848803974,0.1323244912283761,0.17665953636169435,0.12777280807495114,0.0,0.15832701325416565,338.2105263157895,0.13321904132240694,0.09099758298773516,0.3517419232262505,99.906629318394,0.0
0.09125852584838867,0.17186482747395834,0.24226632793744404,0.1284614342909593,0.14332471575055802,0.21370927492777506,0.19971683025360107,0.13953925882067,0.0991032600402832,0.2315798997879029,0.16693902015686035,0.11121960119767622,0.22436667760213214,0.180880069732666,0.2318979501724243,0.11092615127563477,0.1702459454536438,0.20357068379720053,0.18007680347987584,0.1935820579528809,0.1390880823135376,0.1758890151977539,0.12623767852783202,0.129911014011928,0.06795120239257812,0.12946145875113352,0.1113818883895874,0.09327507019042967,0.20513783848803974,0.10186338424682616,0.10935425758361816,0.15572444331078306,0.0,0.11612310409545898,338.4,0.17607485164295544,0.08818151734092018,0.2509707927703857,99.91134751773049,0.0
0.1201133294539018,0.15277250607808432,0.2298180262247721,0.12156120936075847,0.11099934577941896,0.20499808762157173,0.19971683025360107,0.11099934577941896,0.33989858627319336,0.2393613111541932,0.18425132594411334,0.1825741529464721,0.22436667760213214,0.18163797932286416,0.2559528962985889,0.24409897510822004,0.11748504638671875,0.19818798700968426,0.23996829986572266,0.37163511912028,0.16742096776547638,0.2681059837341309,0.15748774758317127,0.10912135243415833,0.2073458466744469,0.10366733868916828,0.243851900100708,0.11201751232147217,0.20513783848803974,0.15000420808792114,0.10193192958831787,0.17904019355773926,0.0,0.12674850225448608,336.2857142857143,0.11291954096625835,0.07792289116803337,0.23107281853170955,99.83007646559048,0.0
0.2051118016242981,0.1676002025604248,0.24226632793744404,0.1754616379737854,0.06414139270782471,0.1918677488962809,0.19971683025360107,0.12357514245169506,0.1161494255065918,0.3148801326751709,0.17823272943496704,0.1226496556225945,0.40439414978027344,0.18163797932286416,0.2559528962985889,0.24409897510822004,0.16582278578763918,0.2841680844624837,0.14538102149963378,0.12517845630645752,0.13907821973164874,0.2002701759338379,0.08002996444702147,0.12215193112691244,0.06796121597290039,0.11012003421783448,0.10041395823160808,0.09896469116210938,0.22448372840881348,0.1057267427444458,0.1309340000152588,0.15057571729024252,0.0,0.13671480284796822,338.0454545454545,0.1095419344694718,0.08934048984361731,0.1965531544251876,99.959661153691,0.0
0.14847098697315564,0.2729789614677429,0.24226632793744404,0.1631168566252056,0.12292102972666424,0.15360742807388306,0.19971683025360107,0.12945383245294745,0.14305690924326578,0.2393613111541932,0.15998005867004395,0.13185137510299685,0.22436667760213214,0.18163797932286416,0.2559528962985889,0.24409897510822004,0.10681605339050293,0.16503262519836426,0.17768033345540366,0.2525689930965503,0.1299072817752236,0.2334051214731657,0.2130599021911621,0.21861657229336826,0.12010061740875246,0.19263443681928846,0.12022805213928225,0.16382996241251627,0.20513783848803974,0.1388401985168457,0.12304520606994628,0.09106504917144777,0.0,0.10761488567699086,338.86956521739125,0.10912123680114746,0.08045219421386719,0.2303459552618173,100.0,0.0
0.19455509185791006,0.12525073687235513,0.17399191856384275,0.15256338649325898,0.1190265417098999,0.17747217416763306,0.17606186866760254,0.14460785048348562,0.13039193834577287,0.2393613111541932,0.15401911735534668,0.1121860941251119,0.22436667760213214,0.18163797932286416,0.4152010679244995,0.19527220726013186,0.3090120156606038,0.2107092539469401,0.10437333583831787,0.2280850410461425,0.11292615689729388,0.2334051214731657,0.2014005184173584,0.14029532008700898,0.10604512691497804,0.1474593162536621,0.10505374272664388,0.13642785783227718,0.20513783848803974,0.10256747404734294,0.09731388092041016,0.1252460479736328,0.0,0.11588308811187745,339.25,0.10852348804473876,0.09211240212122601,0.256841520468394,99.96315401621223,0.0
0.13994117216630414,0.1804753031049456,0.2964329719543457,0.14211626674817954,0.1115277608235677,0.15329647064208984,0.19971683025360107,0.1213729116651747,0.07097136974334718,0.18668389320373527,0.18425132594411334,0.11526342233022055,0.22436667760213214,0.18163797932286416,0.5299558639526367,0.24409897510822004,0.5299558639526367,0.31142115592956543,0.12195384502410887,0.8101668357849121,0.16675117280748156,0.2334051214731657,0.14104479551315308,0.13100409507751465,0.2073458466744469,0.12826200893947054,0.16228725546816258,0.1079953908920288,0.20513783848803974,0.09997469186782837,0.09508228302001953,1.2918570041656494,0.0,0.2714344773973737,337.2,0.11825118345372818,0.08882606730741613,0.33495865148656506,99.9288256227758,0.0
0.0884249210357666,0.15518383979797362,0.2178659439086914,0.10895390808582306,0.1780264377593994,0.16330206394195554,0.18184924125671387,0.12648549675941467,0.09683374563852946,0.5958483219146729,0.16511809825897214,0.16994819274315467,0.22436667760213214,0.18163797932286416,0.20526814460754395,0.24409897510822004,0.19646811485290527,0.10205698013305664,0.1189814295087542,0.2525689930965503,0.09752868569415547,0.2334051214731657,0.14114809036254886,0.14741929372151694,0.2322990894317627,0.14105354655872693,0.07110846042633058,0.1080156167348226,0.20513783848803974,0.08817908498975965,0.1235732078552246,0.09621095657348633,0.0,0.11804742813110353,338.53846153846155,0.13285626214126062,0.0913584067903716,0.21847797262257546,99.93183367416495,0.0
0.10596871376037598,0.1898007869720459,0.2406430721282959,0.1118415461646186,0.3162441253662109,0.16157186031341553,0.19971683025360107,0.2385495730808803,0.2083666721979777,0.3712714910507202,0.1580038070678711,0.21284456686540085,0.1492788791656494,0.18163797932286416,0.37414979934692383,0.24409897510822004,0.2272099256515503,0.17333610852559408,0.28520403589521137,0.1989690065383911,0.20265541757856093,0.2334051214731657,0.15748774758317127,0.1173336108525594,0.2073458466744469,0.1173336108525594,0.16228725546816258,0.1197841962178548,0.20513783848803974,0.11297011375427245,0.14406394958496094,0.2758895556131999,0.0,0.21439099311828613,336.1111111111112,0.17992674387418306,0.09138897749093863,0.2495739243247292,99.76859504132231,0.0
0.09828636050224304,0.17543387413024902,0.1845699946085612,0.11959577798843385,0.19974812865257266,0.19444406032562256,0.17705178260803225,0.18682373653758647,0.13912785053253174,0.17641782760620114,0.18425132594411334,0.1135493006025042,0.22436667760213214,0.10402202606201172,0.2559528962985889,0.24409897510822004,0.08822989463806152,0.15741097927093506,0.15387980937957765,0.2525689930965503,0.13940981030464172,0.15175127983093262,0.1259310245513916,0.12006264925003053,0.15786819458007811,0.11489620208740235,0.08790290355682373,0.10298144817352296,0.20513783848803974,0.0977081060409546,0.2899425029754639,0.1442274252573649,0.0,0.16364336013793945,336.32142857142856,0.16120019413176034,0.08822416123889741,0.20867346462450528,99.904428161835,0.0
0.1561222791671753,0.14983505010604858,0.24226632793744404,0.14686225652694698,0.24518473943074545,0.1729886531829834,0.19971683025360107,0.16028869152069092,0.10355754693349202,0.18869495391845706,0.16258013248443606,0.12104608030880196,0.22436667760213214,0.18163797932286416,0.2559528962985889,0.24409897510822004,0.2080011367797852,0.1972860097885132,0.11018078667776923,0.3800408840179443,0.11030184521394618,0.2334051214731657,0.15030783414840698,0.1733067716870989,0.4128763675689697,0.14504538476467133,0.26047337055206304,0.10995364189147948,0.20513783848803974,0.1603746016820272,0.1306944489479065,0.10922837257385254,0.0,0.11536153157552086,337.44827586206895,0.08047601451044498,0.08990561443826428,0.18291775040004565,99.93868792152054,0.0
0.1723099188371138,0.177170991897583,0.21319180727005005,0.12832003548031762,0.3909164667129517,0.14476704597473145,0.19971683025360107,0.21606763203938809,0.1934357166290283,0.2261979579925537,0.18425132594411334,0.19889609018961588,0.15591192245483398,0.18163797932286416,0.2450737953186035,0.24409897510822004,0.1787489652633667,0.13791275024414062,0.1692105770111084,0.2525689930965503,0.12686962740761892,0.2334051214731657,0.11517252922058105,0.11726365089416504,0.16095960140228271,0.11309330280010516,0.09403038024902344,0.1109849452972412,0.20513783848803974,0.10488054156303406,0.08851349353790282,0.1024192174275716,0.0,0.09876897118308328,337.1,0.13592940882632604,0.08758572528236791,0.21198409482052447,99.9110056363097,0.0
0.18516711393992105,0.17085185050964355,0.19349443912506106,0.152157195409139,0.10808849334716797,0.19214451313018802,0.19971683025360107,0.12701957566397531,0.2102016806602478,0.372426986694336,0.18425132594411334,0.23760294914245605,0.22436667760213214,0.31262779235839844,0.20583605766296387,0.34708094596862793,0.21552093823750806,0.16586860020955405,0.14361352920532228,0.19193387031555176,0.11694938795907155,0.2334051214731657,0.1832730770111084,0.11061674356460573,0.24246299266815186,0.12597552935282388,0.1091604232788086,0.08188104629516603,0.20513783848803974,0.09690320491790773,0.2123604774475097,0.12174499034881593,0.0,0.175199955701828,336.67741935483866,0.11882368326187134,0.09006180763244627,0.2611516979005601,99.91376832423107,0.0
0.12159542603926225,0.17162529627482095,0.19478297233581546,0.11762194884450812,0.08121490478515625,0.15605854988098145,0.19971683025360107,0.13111066818237305,0.09926879405975343,0.19925912221272787,0.1555640697479248,0.12821348508199054,0.22436667760213214,0.18163797932286416,0.16849422454833984,0.24409897510822004,0.16849422454833984,0.1681673526763916,0.15972959995269775,0.2525689930965503,0.11469078063964845,0.2334051214731657,0.1214923858642578,0.12063627243041992,0.1950509548187256,0.11814175952564585,0.1105194091796875,0.13854352633158365,0.20513783848803974,0.12891993522644046,0.13579909006754556,0.10728597640991212,0.0,0.12200760841369628,336.1875,0.15101887702941896,0.09041213035583497,0.2919242286682129,99.97211377579477,0.0
0.11083104875352648,0.16333834330240884,0.2538280487060547,0.1174960249946231,0.3330340385437012,0.12595760822296145,0.19971683025360107,0.17907138665517172,0.08704280853271484,0.18219550450642905,0.1873180071512858,0.10297627747058867,0.22436667760213214,0.18163797932286416,0.2559528962985889,0.24409897510822004,0.1461474895477295,0.2174941062927246,0.17294731140136718,0.24602484703063965,0.14640491887142784,0.2334051214731657,0.1525186061859131,0.14990128411187065,0.2350258827209473,0.1452487972047594,0.08418981234232585,0.1174917221069336,0.20513783848803974,0.10084076722462973,0.0913542906443278,0.0921499729156494,0.0,0.10088964870997838,337.72727272727275,0.1088707447052002,0.08986795743306478,0.19113198348454066,99.94616419919248,0.0
0.14084233178032768,0.441937267780304,0.16118407249450686,0.19479555242201865,0.15710164572288166,0.20499808762157173,0.19971683025360107,0.10433697700500487,0.11638355255126953,0.2001371383666992,0.16925311088562012,0.13848392168680826,0.22436667760213214,0.06806206703186035,0.2559528962985889,0.24409897510822004,0.06806206703186035,0.21693968772888186,0.13748485701424734,0.18111395835876465,0.1330728530883789,0.20814275741577148,0.15026731491088868,0.21974444389343264,0.335007905960083,0.162236483891805,0.09743010997772217,0.13642785783227718,0.20513783848803974,0.0989145040512085,0.12672734260559082,0.06398487091064453,0.0,0.113803893327713,336.26470588235287,0.21561583350686467,0.08983826637268066,0.28394369518055634,99.94752033586984,0.0
0.11044175284249444,0.13566291332244873,0.24226632793744404,0.1124803066253662,0.14942402839660646,0.2563825448354085,0.19971683025360107,0.17651409573025173,0.14376817430768693,0.2393613111541932,0.18051159381866447,0.12591359615325928,0.292327880859375,0.18163797932286416,0.2559528962985889,0.24409897510822004,0.16582278578763918,0.2475271224975586,0.2409893104008265,0.1869029998779297,0.18158966562022333,0.2334051214731657,0.20113747460501533,0.1301251252492269,0.2829606533050537,0.15536081790924072,0.09623312950134276,0.13642785783227718,0.20513783848803974,0.09353804588317872,0.14919095039367675,0.1832869052886963,0.0,0.13852736949920655,335.9142857142857,0.12518584100823654,0.0926328458284077,0.2487516138288709,99.92344985965806,0.0
0.10615170001983644,0.1614080270131429,0.24226632793744404,0.11208446820576984,0.22401142120361328,0.2195984125137329,0.2244147062301636,0.1589712415422712,0.1159154176712036,0.2405334711074829,0.16399669647216794,0.13415589928627014,0.22436667760213214,0.18163797932286416,0.18993520736694336,0.18180489540100087,0.1142137050628662,0.20756677786509195,0.0880127747853597,0.4241712093353272,0.1377258002758026,0.2334051214731657,0.11748379468917848,0.12024561564127605,0.22328150272369385,0.11509981155395507,0.3179161945978801,0.07601594924926758,0.18802309036254888,0.2292224168777465,0.10771036148071288,0.17726635932922366,0.0,0.1298171944088406,334.66666666666663,0.1306338059274774,0.0918447218443218,0.26792601744333905,99.95019920318724,0.0
0.0974818229675293,0.1840405464172364,0.1814138889312744,0.1088581085205078,0.1309172511100769,0.11451005935668945,0.19971683025360107,0.12763581275939942,0.11610595385233564,0.15629315376281738,0.18425132594411334,0.12019519805908205,0.22436667760213214,0.18163797932286416,0.2559528962985889,0.18291306495666504,0.08436357975006104,0.19377480234418595,0.19194395201546804,0.1920464038848877,0.14184620645311144,0.2334051214731657,0.15193781852722169,0.19129151105880726,0.1993199586868286,0.1545396778318617,0.34213924407958984,0.2076590061187744,0.20513783848803974,0.2702725614820208,0.10360819101333618,0.15572444331078306,0.0,0.1054814202444894,334.4594594594595,0.09455496924264092,0.0851255598522368,0.28137149129595074,99.95151515151515,0.0
0.09563651451697716,0.183455228805542,0.17767135302225748,0.11175625220589017,0.13065830866495767,0.2820451259613037,0.19971683025360107,0.15251765251159669,0.1135244369506836,0.17831110954284668,0.18425132594411334,0.1131382253434923,0.22436667760213214,0.18163797932286416,0.2559528962985889,0.24409897510822004,0.16582278578763918,0.16320292154947916,0.1203872561454773,0.1949589252471924,0.11941720379723444,0.13913202285766602,0.11619249979654947,0.13868122630649146,0.2073458466744469,0.12961827791654146,0.1282505989074707,0.12238430976867674,0.20513783848803974,0.1201639175415039,0.13302826881408691,0.15848803520202634,0.0,0.13315219879150392,334.42105263157896,0.2379688241265037,0.08940567753531715,0.22708518881546824,99.92917847025495,0.0
0.1173088788986206,0.23094940185546875,0.24226632793744404,0.14030132795635022,0.09889543056488036,0.17063403129577634,0.19971683025360107,0.11315639813741048,0.11413747072219847,0.1934738953908285,0.18425132594411334,0.1241558248346502,0.22436667760213214,0.18163797932286416,0.16991400718688965,0.24409897510822004,0.16991400718688965,0.15056522687276205,0.1592327356338501,0.196033239364624,0.13325816934758966,0.2334051214731657,0.16187191009521484,0.14837652444839478,0.2073458466744469,0.1401611864566803,0.11990114053090413,0.1441812515258789,0.20513783848803974,0.123386093548366,0.10227880477905274,0.12146313985188804,0.0,0.10463031855496494,336.15384615384613,0.10998142617089407,0.09664299658366612,0.18913639002832874,99.95423340961098,0.0
0.099875807762146,0.1573180357615153,0.20177400112152105,0.1057732105255127,0.13594979047775269,0.1538848876953125,0.19971683025360107,0.1248436314719064,0.13165696461995444,0.27411794662475586,0.18425132594411334,0.15227713584899902,0.15182280540466309,0.18163797932286416,0.2559528962985889,0.24409897510822004,0.0922098159790039,0.17502756118774415,0.21241147177559988,0.8133645057678223,0.15627160439124474,0.2334051214731657,0.15434238645765516,0.1317522128423055,0.11970114707946775,0.1437212973833084,0.13190738360087076,0.09608125686645508,0.20513783848803974,0.12307429313659668,0.1093648076057434,0.1649479866027832,0.0,0.1258282396528456,336.15,0.1384054660797119,0.089676833152771,0.264229508007274,99.9553770638108,0.0
0.09041372934977214,0.4205992619196574,0.24226632793744404,0.3105374177296956,0.12019801139831544,0.20499808762157173,0.19971683025360107,0.10712596348353796,0.0869984229405721,0.2120992342631022,0.18425132594411334,0.12418532371520995,0.22436667760213214,0.18163797932286416,0.35450005531311035,0.24409897510822004,0.35450005531311035,0.2787684372493199,0.15091853141784667,1.0255105495452879,0.17397005217415945,0.2334051214731657,0.14602428674697876,0.1653324762980143,0.2073458466744469,0.1391962899102105,0.16652703285217285,0.12241983413696288,0.20513783848803974,0.12875523567199704,0.10978631973266602,0.1161799430847168,0.0,0.1123734474182129,334.5365853658536,0.1205003822551054,0.09439834426431094,0.30804014205932617,100.0,0.0
0.1270229382948442,0.16808128356933594,0.17450249195098874,0.11999351099917765,0.32415135701497394,0.11332440376281736,0.25694918632507324,0.1975721291133336,0.1270137627919515,0.18423116207122808,0.18425132594411334,0.12630683183670044,0.22436667760213214,0.0961310863494873,0.2559528962985889,0.24409897510822004,0.0961310863494873,0.12862630685170492,0.1411152482032776,0.2525689930965503,0.12352760632832845,0.2334051214731657,0.14748674631118774,0.14350300365024146,0.5823290348052979,0.13934633135795593,0.13846778869628906,0.15156841278076172,0.2270059585571289,0.13162058049982245,0.10137025515238443,0.09555542469024657,0.0,0.0990443229675293,334.57142857142856,0.0923645998302259,0.0920560736405222,0.2225202761198345,99.93595217762596,0.0
0.11795707543691,0.28157734870910645,0.2181190252304077,0.17759710864016884,0.09394559860229493,0.1419832706451416,0.19971683025360107,0.09397444128990172,0.12505571047465006,0.169097900390625,0.18425132594411334,0.1248234272003174,0.22436667760213214,0.18163797932286416,0.2559528962985889,0.1672499179840088,0.07624149322509766,0.18643975257873527,0.1284405125512017,0.19459140300750727,0.12848495443662009,0.2334051214731657,0.3541034460067749,0.13021647930145264,0.2073458466744469,0.18707742009844106,0.2390002727508545,0.13642785783227718,0.20513783848803974,0.21531053384145105,0.11388067404429116,0.14714201291402182,0.0,0.1203533411026001,334.1860465116278,0.1588874657948812,0.0855647949945359,0.2543572811853318,99.97912317327769,0.0
0.11141657829284668,0.19291146596272787,0.19525474309921265,0.12112698188194862,0.12665931383768714,0.14873162905375162,0.19971683025360107,0.11760731538136801,0.1344839334487915,0.3074791431427002,0.18425132594411334,0.14338059425354005,0.22436667760213214,0.18163797932286416,0.2559528962985889,0.24409897510822004,0.16582278578763918,0.267009695370992,0.153386652469635,0.2525689930965503,0.1767070690790812,0.2334051214731657,0.243388831615448,0.19156665272182888,0.1447312831878662,0.1836094856262207,0.18273401260375974,0.04794907569885254,0.20513783848803974,0.11703239168439593,0.15186280012130735,0.14924687147140506,0.0,0.14006887782703747,334.5681818181818,0.12370550632476808,0.08934317935596812,0.22165507620031186,100.0,0.0
0.09868204593658447,0.16689717769622806,0.1879738171895345,0.1009034592172374,0.08578705787658691,0.2143639326095581,0.19971683025360107,0.13217463493347167,0.13504825319562638,0.2393613111541932,0.18425132594411334,0.12146849102444116,0.2201709747314453,0.18163797932286416,0.2559528962985889,0.24409897510822004,0.08027005195617676,0.15792445341746011,0.1565849781036377,0.19065499305725087,0.13280908266703287,0.2334051214731657,0.14171332120895386,0.10738688707351683,0.20863008499145508,0.11617475397446575,0.1592409610748291,0.142380952835083,0.20513783848803974,0.14782306551933289,0.19200849533081046,0.11032450199127196,0.0,0.14343629564557756,335.3333333333333,0.10803122105805772,0.08687806129455566,0.2357283397154375,99.98011928429425,0.0
0.1383924654551915,0.2846341133117676,0.3110952377319336,0.1632693572477861,0.20008810361226398,0.3913905620574951,0.19971683025360107,0.30940379415239605,0.16497111320495605,0.23155200481414795,0.18425132594411334,0.16553001403808593,0.22436667760213214,0.18163797932286416,0.2563178539276123,0.24409897510822004,0.16846251487731936,0.5015356540679932,0.09152849515279134,0.2525689930965503,0.18075483375125465,0.2334051214731657,0.13718501726786295,0.15128965377807618,0.1417219638824463,0.13495134115219115,0.08338101704915364,0.09615588188171388,0.20513783848803974,0.09245169162750244,0.2080860137939453,0.08797383308410645,0.0,0.12040871381759645,334.82608695652175,0.10514393117692736,0.085889114273919,0.2605276637607151,99.98052201012855,0.0
0.13233113288879395,0.1883353590965271,0.2521660327911377,0.12566299999461455,0.2119722962379456,0.21780884265899653,0.19971683025360107,0.17702749371528625,0.14606364568074545,0.34135717153549194,0.18425132594411334,0.21003105640411374,0.22436667760213214,0.18163797932286416,0.2357436815897624,0.24409897510822004,0.2357436815897624,0.18102192878723145,0.11819753646850585,0.2525689930965503,0.1876119256019592,0.2334051214731657,0.200125789642334,0.1362617015838623,0.2073458466744469,0.17174175050523546,0.08392930030822754,0.10720908641815187,0.19112181663513186,0.21397829055786133,0.09596705436706544,0.13295984268188474,0.0,0.11321134567260742,333.9574468085106,0.12393196005570264,0.09137399573075143,0.2337070352890913,100.0,0.0
0.13245831595526802,0.14997196197509766,0.0620427131652832,0.1268492341041565,0.12607940038045248,0.2002401351928711,0.19971683025360107,0.1366206169128418,0.1884324550628662,0.19222187995910645,0.2170379956563314,0.12358233332633972,0.2366020679473877,0.12003684043884275,0.23668313026428225,0.24409897510822004,0.1783599853515625,0.32169651985168457,0.21328139305114746,0.2525689930965503,0.1815016636481652,0.2334051214731657,0.11701337496439615,0.389809250831604,0.17020106315612793,0.2797504425048828,0.22265887260437006,0.18699288368225087,0.1983950138092041,0.17825493812561036,0.18952572345733645,0.11124801635742188,0.0,0.13846502985273088,332.6875,0.22917505900065105,0.09518443743387857,0.2538458567399245,99.92485440541049,0.0
0.1874428689479828,0.4006720781326294,0.1801908016204834,0.19824855327606197,0.1287679672241211,0.20499808762157173,0.19971683025360107,0.11588716506958008,0.09714680910110474,0.16857496897379556,0.1804978847503662,0.11108267307281494,0.22436667760213214,0.18163797932286416,0.2559528962985889,0.24409897510822004,0.112105131149292,0.3075422644615173,0.20622283220291127,0.17174088954925534,0.18336856365203846,0.2334051214731657,0.12836164236068726,0.1101002958085802,0.16124963760375974,0.11227688193321228,0.5547719001770021,0.12813091278076172,0.20513783848803974,0.18703932762146,0.1218254566192627,0.1480539639790853,0.0,0.12203323841094972,332.4489795918367,0.1013566255569458,0.09265998005867004,0.2490055981804343,99.92633517495396,0.0
0.11461110115051268,0.1629236340522766,0.21701741218566886,0.11992089888628793,0.11834065119425455,0.1920488675435384,0.19971683025360107,0.14411394936697824,0.12156271934509275,0.2918556531270345,0.17048144340515134,0.15826020240783692,0.20269441604614247,0.18163797932286416,0.2559528962985889,0.24409897510822004,0.1842820644378662,0.4436678886413574,0.17809823155403134,0.1928750276565552,0.21156928539276126,0.2334051214731657,0.11824655532836915,0.28903331756591805,0.2969028949737549,0.1987396240234375,0.2909260590871175,0.07599973678588867,0.20513783848803974,0.2056734085083008,0.07783818244934082,0.16128504276275635,0.0,0.12594600518544516,331.62,0.15945586136409215,0.09511283465794154,0.22227646623338973,99.98190700199022,0.0
0.11461322124187764,0.1695581078529358,0.24226632793744404,0.13554460661751885,0.14212322235107422,0.1943330764770508,0.19971683025360107,0.14124564691023392,0.09610283374786376,0.18293635050455728,0.18425132594411334,0.1239195664723714,0.22436667760213214,0.2626446485519409,0.25135087966918945,0.24409897510822004,0.2016960620880127,0.1512342095375061,0.17385844389597574,0.2525689930965503,0.14126986265182495,0.2334051214731657,0.15546600023905435,0.19721439480781555,0.2073458466744469,0.161867888768514,0.2421422799428304,0.15013980865478516,0.20513783848803974,0.2191416621208191,0.18758279085159305,0.12891507148742676,0.0,0.15752387046813965,332.0588235294117,0.0994812079838344,0.0901104041508266,0.2044664678119477,99.98228520814881,0.0
0.2651471032036675,0.18811988830566406,0.24226632793744404,0.2359020511309305,0.21361452341079712,0.3767194747924805,0.19971683025360107,0.2679828405380249,0.2063506841659546,0.3206275701522827,0.18425132594411334,0.19682808355851608,0.22436667760213214,0.18163797932286416,0.2559528962985889,0.24409897510822004,0.16582278578763918,0.2345414161682129,0.14617466926574707,0.2525689930965503,0.13914631307125092,0.1405041217803955,0.26861077547073364,0.1860296964645385,0.09208393096923828,0.1827204101964047,0.12966251373291016,0.09180402755737303,0.2257881164550781,0.1164074284689767,0.12955133120218912,0.12295103073120114,0.0,0.12170042310442244,331.4423076923077,0.1030110518137614,0.09604471259646946,0.2981072453891529,99.98259355961706,0.0
0.12462258338928225,0.2251427968343099,0.12698042392730713,0.1501595553229837,0.1156833569208781,0.20499808762157173,0.19971683025360107,0.1071292757987976,0.11751341819763185,0.3193083604176839,0.15692901611328125,0.15474889828608587,0.22436667760213214,0.11047828197479248,0.2559528962985889,0.24409897510822004,0.09766054153442384,0.19873511791229248,0.1801566894237812,0.2159985303878784,0.16157822608947753,0.14410686492919922,0.09064809481302898,0.3444114923477173,0.1852104663848877,0.2050807816641672,0.3124382495880127,0.1860399246215821,0.2189359664916992,0.19779648099626806,0.16332757472991946,0.15832114219665527,0.0,0.13736387093861901,331.41509433962267,0.09484174516465928,0.09745343526204428,0.2566662956686581,99.98292058070022,0.0
0.1206892490386963,0.19235539436340326,0.5533277988433838,0.1258948908911811,0.11017116904258728,0.2694740295410156,0.20077502727508545,0.11159318685531616,0.10940452416737874,0.30364203453063965,0.2304871082305908,0.12286949157714845,0.35143184661865234,0.18163797932286416,0.2559528962985889,0.24409897510822004,0.09967207908630372,0.21642570495605468,0.19191932678222656,0.5868356227874756,0.17998471714201428,0.18342304229736328,0.13135631879170734,0.12571825299944198,0.2778239250183105,0.11822490692138672,0.21468806266784668,0.13642785783227718,0.20513783848803974,0.1644754409790039,0.2206289768218994,0.15572444331078306,0.0,0.12967664003372192,331.0555555555556,0.12742679913838706,0.0900601863861084,0.19366948421184832,99.9496559825474,0.0
0.12135601043701172,0.15874958038330078,0.2717903852462769,0.11770452558994292,0.2211255431175232,0.1897730827331543,0.19971683025360107,0.21485505104064945,0.1492290496826172,0.1895008087158203,0.19127726554870605,0.12167322635650635,0.17130494117736814,0.18163797932286416,0.2559528962985889,0.24409897510822004,0.16582278578763918,0.2450162967046102,0.17108172840542266,0.20412790775299072,0.17043780145191012,0.2262289047241211,0.18186446030934653,0.1390601396560669,0.1859805583953857,0.15156216280800955,0.2065202792485555,0.13642785783227718,0.20843911170959475,0.17982107400894165,0.2882910966873169,0.1728515625,0.0,0.19092750549316406,331.2,0.09058283269405364,0.09065976738929747,0.21378094499761408,100.0,0.0
0.0921628475189209,0.1757304072380066,0.19450271129608154,0.11394810676574707,0.11870700972420828,0.206822156906128,0.19971683025360107,0.12557914521959093,0.08138616879781088,0.33983616828918456,0.17517797152201334,0.15949492156505585,0.22436667760213214,0.18163797932286416,0.28420281410217285,0.24409897510822004,0.17768406867980954,0.12565726041793826,0.2129446566104889,0.19414663314819336,0.13345798162313607,0.2118304967880249,0.15680155754089356,0.1155431866645813,0.20009493827819824,0.1354827642440796,0.12003093957901,0.12853991985321045,0.20513783848803974,0.12029218673706055,0.09929609298706056,0.10031545162200928,0.0,0.10394120216369628,331.7142857142857,0.12731961770491165,0.09218383919108998,0.2917608141899109,100.0,0.0
0.0973007462241433,0.15246838331222534,0.24226632793744404,0.11890565156936644,0.11399562018258233,0.20499808762157173,0.19971683025360107,0.11399562018258233,0.10441736380259196,0.18876202901204428,0.18425132594411334,0.12965154647827148,0.22436667760213214,0.18163797932286416,0.20638585090637207,0.24409897510822004,0.14975786209106445,0.14977380207606725,0.13628981330178,0.19840264320373527,0.1258967087186616,0.3522062301635742,0.11183478832244872,0.15666873114449634,0.2073458466744469,0.13029582360211542,0.12530696392059326,0.13642785783227718,0.20513783848803974,0.11466220446995325,0.1205214262008667,0.1194438934326172,0.0,0.11339471340179445,332.4736842105263,0.15150231406802225,0.0963653496333531,0.2598608255386353,100.0,0.0
0.11394579593951885,0.2392759720484416,0.24226632793744404,0.15098066329956056,0.4227563142776489,0.37839794158935547,0.19971683025360107,0.2620872921413845,0.3333615064620972,0.2434989213943481,0.18425132594411334,0.2491543769836425,0.22436667760213214,0.18163797932286416,0.2598419984181722,0.24409897510822004,0.2598419984181722,0.19285476207733154,0.1702270984649658,0.1789238452911377,0.15458348393440247,0.5279710292816162,0.16718144416809086,0.1316072702407837,0.17671022415161133,0.1326468207619407,0.09983456134796144,0.13642785783227718,0.20513783848803974,0.11119508743286133,0.1487489938735962,0.07620620727539062,0.0,0.10751853670392718,332.43103448275866,0.13113872210184732,0.09371674628484816,0.20564571179841687,100.0,0.0
0.12251695719632236,0.2691074212392171,0.24226632793744404,0.15392919949122838,0.14475101232528687,0.4219605922698975,0.19971683025360107,0.2371542056401571,0.09469658136367798,0.20504474639892573,0.17364096641540527,0.13855776420006385,0.22436667760213214,0.11592388153076172,0.2559528962985889,0.17512011528015134,0.11107790470123292,0.2450942595799764,0.11261907490816984,0.17955613136291504,0.13548043039109972,0.2334051214731657,0.1013596924868497,0.09433495998382567,0.1840836524963379,0.09816336631774902,0.1690586805343628,0.13642785783227718,0.20513783848803974,0.1684875011444092,0.10404205322265624,0.07377219200134277,0.0,0.09260031912061904,333.35593220338984,0.09672492200678046,0.08433539217168634,0.1985050802645476,99.96949359365463,0.0
0.10169145039149692,0.1830268700917562,0.17884695529937744,0.11414257685343425,0.2282054424285889,0.1331331729888916,0.19971683025360107,0.20443737506866447,0.16120322545369467,0.5633150339126587,0.17065691947937012,0.2140451344576749,0.22436667760213214,0.1214299201965332,0.2359349727630615,0.24409897510822004,0.1386391520500183,0.17855160576956616,0.4033498499128554,0.2525689930965503,0.2428204702294391,0.17982006072998047,0.11593634741646905,0.17919683456420898,0.2264435291290283,0.14310293727450898,0.12502887845039368,0.2822020053863525,0.20513783848803974,0.14180080890655514,0.09541857242584227,0.15572444331078306,0.0,0.11325772603352866,333.35,0.12736972173055014,0.09678300221761067,0.18100842307595646,100.0,0.0
0.10875707864761353,0.17510037422180175,0.1879098415374756,0.12187980115413664,0.1249239444732666,0.1990147829055786,0.2049565315246582,0.11381931738419965,0.08751921653747559,0.2194337248802185,0.18425132594411334,0.1279771878169133,0.1738879680633545,0.18163797932286416,0.12767791748046875,0.24409897510822004,0.12767791748046875,0.1569700837135315,0.13725482333790173,0.21844255924224854,0.1283795265924363,0.16106653213500974,0.12262773513793945,0.11862271172659734,0.19092589616775515,0.11065128445625304,0.12364498774210612,0.4415110349655152,0.20513783848803974,0.21398152623857766,0.12171947956085205,0.2693800926208496,0.0,0.15593576431274414,333.7377049180328,0.15378012440421365,0.08589665456251665,0.21396310705887644,99.98526377836723,0.0
0.15030217170715332,0.17778346538543702,0.334478497505188,0.1496397200084868,0.11123098645891462,0.1862943172454834,0.20002317428588867,0.11153173446655272,0.07298159599304199,0.19429850578308105,0.18425132594411334,0.09338233868281047,0.22436667760213214,0.11066794395446776,0.2559528962985889,0.24409897510822004,0.11066794395446776,0.13187605142593384,0.13787075877189636,0.06793713569641112,0.12361277474297418,0.15273380279541016,0.1479865312576294,0.1865032434463501,0.2073458466744469,0.17331457138061526,0.1406862258911133,0.10080599784851074,0.20513783848803974,0.11648070812225345,0.10252046585083008,0.13839117685953775,0.0,0.11333221197128295,334.4032258064516,0.09234573727562316,0.0903097220829555,0.29248216152191164,99.94212125596874,0.0
0.12187051773071288,0.17081791162490845,0.19304144382476807,0.12644225358963013,0.20367658138275144,0.3655619621276856,0.18416523933410645,0.1940027872721354,0.0669697920481364,0.2739707628885905,0.18425132594411334,0.12933533841913394,0.22436667760213214,0.18163797932286416,0.2559528962985889,0.24409897510822004,0.16582278578763918,0.1469019651412964,0.15187843029315656,0.16120243072509766,0.1316755877600776,0.2334051214731657,0.12830448150634766,0.1358550957271031,0.2542960047721863,0.1246480771473476,0.07806754112243652,0.10287356376647948,0.20513783848803974,0.09128672736031668,0.08199334144592285,0.15572444331078306,0.0,0.08710956573486328,334.66666666666663,0.11451124009631927,0.09556913375854492,0.22197404361906506,100.0,0.0
0.13514175415039062,0.1600658552987235,0.1724414825439453,0.1336291790008545,0.10574558803013392,0.20104897022247314,0.18687200546264648,0.11332960923512775,0.10130635897318524,0.22218269109725952,0.20608305931091309,0.13518535007130014,0.22436667760213214,0.18163797932286416,0.2425322532653809,0.24409897510822004,0.2425322532653809,0.16375603675842285,0.11970081329345705,0.06407809257507324,0.1365989721738375,0.2334051214731657,0.17284182707468668,0.4455382823944092,0.21200871467590326,0.2486070885377772,0.1438424587249756,0.16816532611846924,0.20513783848803974,0.1464848735115745,0.12465572357177734,0.12325406074523924,0.0,0.1287558674812317,334.453125,0.20457890454460592,0.08484918930951288,0.17680535596959732,99.98598458304134,0.0
0.1307209621776234,0.17322854995727538,0.4424370527267456,0.1322821817900005,0.1815018653869629,0.19002151489257807,0.19971683025360107,0.17039990425109866,0.1234286626180013,0.36990463733673096,0.18425132594411334,0.18082574435642787,0.22436667760213214,0.35673880577087397,0.2559528962985889,0.24409897510822004,0.35673880577087397,0.14491971333821616,0.2083619941364635,0.23413515090942386,0.15721744537353516,0.15581727027893064,0.1044226586818695,0.10787630081176758,0.10388302803039552,0.10309386253356934,0.1876418249947684,0.11238086223602296,0.20513783848803974,0.17091716660393608,0.1046144962310791,0.0641930103302002,0.0,0.09721497694651286,334.7076923076923,0.09762117597791883,0.08938191996680367,0.2534942486706902,99.9862107004964,0.0
0.20357270674272016,0.21037646702357696,0.22253727912902832,0.17443200816278873,0.248887300491333,0.1958465576171875,0.19971683025360107,0.1784024503495958,0.09424049513680596,0.09591317176818848,0.23142898082733154,0.08919041156768799,0.22436667760213214,0.18163797932286416,0.17768001556396484,0.24409897510822004,0.16085350513458252,0.1543290615081787,0.13619595766067505,0.2525689930965503,0.1195557713508606,0.3956968784332275,0.10905897617340088,0.12258877073015485,0.2218639850616455,0.11863090010250316,0.13075846433639526,0.1473130226135254,0.20513783848803974,0.1341294375332919,0.13778769969940186,0.15114879608154294,0.0,0.12498595317204793,335.3181818181818,0.10488825259001358,0.08541477244833241,0.18508807095614346,100.0,0.0
0.13921332359313965,0.17064385414123534,0.20365428924560547,0.1226589282353719,0.12422080834706625,0.20499808762157173,0.19971683025360107,0.10734444856643677,0.11356306076049805,0.28145885467529297,0.18425132594411334,0.1975109577178955,0.22436667760213214,0.1370248794555664,0.11921405792236328,0.24409897510822004,0.10615396499633788,0.1869793732961019,0.4745838642120361,0.2525689930965503,0.2685275779050939,0.2334051214731657,0.0981405258178711,0.1396770477294922,0.2342371940612793,0.12313948571681975,0.20606546401977527,0.137955904006958,0.20513783848803974,0.17604252696037292,0.11537671089172365,0.15572444331078306,0.0,0.11872869729995728,334.8805970149254,0.13599824905395508,0.08708369731903076,0.2163958800466437,99.97325845701296,0.0
0.16518115997314453,0.2621443271636963,0.4542016983032226,0.16854219687612434,0.12374671300252278,0.18222689628601074,0.19971683025360107,0.15186609162224662,0.06777811050415039,0.29077041149139404,0.18425132594411334,0.16111297607421876,0.17191386222839355,0.18163797932286416,0.2559528962985889,0.24409897510822004,0.16582278578763918,0.1818339824676513,0.2953295310338338,0.1989579200744629,0.18475761133081767,0.2334051214731657,0.4315617084503174,0.08369582891464232,0.2300717830657959,0.2579718828201294,0.07595205307006836,0.1381990909576416,0.20513783848803974,0.09751605987548828,0.0827021598815918,0.08207404613494873,0.0,0.08429970741271972,334.36764705882354,0.10622803370157878,0.09382124741872153,0.18225067853927607,99.973611294366,0.0
0.10338719685872397,0.3211621046066284,0.24226632793744404,0.13089083035786947,0.1537175178527832,0.20499808762157173,0.19971683025360107,0.13118835290273032,0.1188204288482666,0.24208927154541016,0.15287911891937256,0.16069847345352173,0.22436667760213214,0.18163797932286416,0.18480467796325686,0.24409897510822004,0.18480467796325686,0.34253485997517896,0.20911076068878173,0.19123101234436035,0.21255407550118186,0.2334051214731657,0.10720210605197483,0.1312009266444615,0.18215298652648929,0.11593120238360236,0.1892254948616028,0.13642785783227718,0.20513783848803974,0.1425582766532898,0.13241708278656006,0.15572444331078306,0.0,0.12557274103164673,334.34782608695656,0.14060509832281815,0.08854431855051141,0.20346453315333315,99.98699609882964,0.0
0.10421715463910784,0.19082727432250976,0.21114802360534668,0.12446656823158266,0.17024687925974527,0.161202073097229,0.19971683025360107,0.14837002754211426,0.10536491870880127,0.22120928764343264,0.18425132594411334,0.11573472619056704,0.22436667760213214,0.18163797932286416,0.2559528962985889,0.24409897510822004,0.07436418533325195,0.19464262326558432,0.1769859790802002,0.21071537335713705,0.1360319210932805,0.20780396461486814,0.13251165548960367,0.13416637693132674,0.2073458466744469,0.13340265934283918,0.13866360982259116,0.18565734227498373,0.20513783848803974,0.15150441442217147,0.09062714576721193,0.09508013725280763,0.0,0.1006356988634382,334.37142857142857,0.10598792527851306,0.08810048354299445,0.24898019589875875,100.0,0.0
0.10678255558013916,0.19525504112243647,0.2975648641586304,0.14071269468827682,0.10754752159118652,0.15118885040283206,0.19971683025360107,0.12209463119506835,0.115575833754106,0.2125530242919922,0.1752852201461792,0.1136628739974078,0.15196704864501953,0.18163797932286416,0.2559528962985889,0.24409897510822004,0.08123469352722168,0.22929346561431885,0.1795172095298767,0.1484675407409668,0.15366376013982866,0.3567779064178467,0.15416128294808526,0.11238527297973633,0.2073458466744469,0.12907000950404576,0.16733854157584055,0.08402204513549805,0.20126402378082275,0.1403496265411377,0.10859370231628418,0.1157103379567464,0.0,0.11047070366995676,334.4788732394366,0.1481015682220459,0.08716782927513123,0.2358287274837494,99.94946942900455,0.0
0.17189052369859484,0.15944325923919678,0.24226632793744404,0.1634374005453927,0.09637870107378277,0.13353681564331055,0.19971683025360107,0.1066075563430786,0.10537930329640706,0.1729414463043213,0.18425132594411334,0.12226983904838562,0.22436667760213214,0.08399176597595215,0.2559528962985889,0.24409897510822004,0.08203291893005371,0.19971036911010745,0.1347302794456482,0.2525689930965503,0.14497457851063122,0.35584115982055664,0.11869340472751196,0.1378347873687744,0.14903831481933594,0.12441291592337868,0.1569502353668213,0.190279483795166,0.1945481300354004,0.1542773962020874,0.1261744499206543,0.09793400764465332,0.0,0.11188891198900013,334.875,0.13124076128005982,0.08732926845550537,0.22615034956681104,99.98755754634813,0.0
0.1505060911178589,0.13492520650227866,0.24226632793744404,0.1469105023604173,0.13344192504882812,0.20499808762157173,0.19971683025360107,0.13344192504882812,0.16567552089691162,0.16751646995544436,0.17955493927001953,0.1432611644268036,0.22436667760213214,0.18163797932286416,0.5519258975982666,0.24409897510822004,0.3398909568786621,0.15081294377644858,0.1830313801765442,0.2525689930965503,0.14592656722435585,0.2334051214731657,0.2500144413539341,0.12550735473632812,0.2161071300506592,0.16856122016906738,0.2333580255508423,0.13642785783227718,0.20513783848803974,0.16740792989730835,0.1022169589996338,0.1511357625325521,0.0,0.12762252489725748,333.94520547945206,0.1058186690012614,0.09905915260314943,0.3861307180844821,99.93846911149393,0.0
0.18539007504781088,0.1904003620147705,0.2388153076171875,0.17113208770751953,0.15406398773193358,0.0722208023071289,0.19971683025360107,0.13010740280151367,0.10996901988983154,0.2167650063832601,0.1640009880065918,0.13080132007598874,0.2721447944641113,0.2580137252807617,0.2559528962985889,0.24409897510822004,0.2580137252807617,0.6446990966796875,0.11159747838974,0.431725025177002,0.1892060133127066,0.2334051214731657,0.3233497937520345,0.2078466150495741,0.25985002517700195,0.23265837220584645,0.10711610317230223,0.10344338417053224,0.20513783848803974,0.1028019905090332,0.13940064112345374,0.2260282039642334,0.0,0.14973139762878418,333.2432432432433,0.18467725813388824,0.09579779207706453,0.2462389310201009,99.98783454987834,0.0
0.13617193698883054,0.17419750349862234,0.2333405017852783,0.13985855049557155,0.17836529867989676,0.19262957572937006,0.26797544956207275,0.14965397119522095,0.1609516143798828,0.100006103515625,0.15983891487121582,0.1358327865600586,0.23636579513549805,0.37998294830322266,0.25493693351745605,0.24409897510822004,0.2582940260569255,0.17153019905090333,0.12723654508590698,0.2525689930965503,0.1342707872390747,0.15772640705108645,0.1331721544265747,0.22699880599975586,0.2073458466744469,0.1698793631333571,0.30545369784037274,0.11309754848480225,0.220127820968628,0.2043160597483317,0.11816143989562987,0.1577298641204834,0.0,0.11488637924194335,333.04,0.16769364476203918,0.09486538171768187,0.2199713633610652,99.98798943069905,0.0
0.09437074661254882,0.25559037923812866,0.24226632793744404,0.1733735054731369,0.1029489040374756,0.2077438354492188,0.07592892646789551,0.15618109703063965,0.13931938580104286,0.5206060409545898,0.18425132594411334,0.16957929134368896,0.2751595973968506,0.1336500644683838,0.3060699701309204,0.2158679962158203,0.14785807473318918,0.17872858047485352,0.16135698556900024,0.2525689930965503,0.15209317207336426,0.2937747836112976,0.2910114526748657,0.11258748173713684,0.047921180725097656,0.14680105989629572,0.1992754936218261,0.06405997276306152,0.20513783848803974,0.16066396236419678,0.10199236869812013,0.11698446273803713,0.0,0.1135772466659546,332.9605263157895,0.11921014505274155,0.0968945306890151,0.28595290581385296,99.98814463544754,0.0
0.10058164596557616,0.2590759141104562,0.8389661312103271,0.18652074153606707,0.16852124532063806,0.14544105529785156,0.19971683025360107,0.14786391258239745,0.1019334316253662,0.13974809646606445,0.18425132594411334,0.0995154082775116,0.22436667760213214,0.1609330177307129,0.2559528962985889,0.24409897510822004,0.1115471124649048,0.40691709518432617,0.3701281812455919,0.10914270083109537,0.2577186107635498,0.2334051214731657,0.09857335090637206,0.1306096076965332,0.2073458466744469,0.11257024244828658,0.1548469066619873,0.3808929920196533,0.17298316955566406,0.1977481544017792,0.09577703475952147,0.1114826202392578,0.0,0.1062474250793457,332.41558441558436,0.13875171542167666,0.08431513607501984,0.1944953918457032,99.97655883731836,0.0
0.16497679551442465,0.17480528354644775,0.226212739944458,0.15801586707433066,0.1354703108469645,0.16302406787872314,0.19971683025360107,0.12700350284576414,0.1433475971221924,0.3151390552520752,0.18195807933807373,0.16529064708285862,0.22436667760213214,0.11423838138580322,0.2559528962985889,0.24409897510822004,0.11423838138580322,0.2415015101432801,0.2356557846069336,0.27298736572265625,0.17308848698933918,0.21708303689956665,0.25782283147176105,0.15576844745212132,0.2786751270294189,0.17023407329212534,0.2427206039428711,0.11601591110229492,0.2134361267089844,0.19970628193446568,0.09586310386657716,0.1039975881576538,0.0,0.1012860933939616,332.07692307692315,0.22474816867283406,0.08490262712751116,0.19428469917990945,100.0,0.0
0.16875381469726566,0.2399029050554548,0.20495295524597168,0.18997902529580246,0.08890199661254883,0.17289090156555176,0.19971683025360107,0.10989922285079956,0.10056188371446398,0.22303295135498047,0.17782562971115112,0.10605042120989633,0.22436667760213214,0.18163797932286416,0.2559528962985889,0.24409897510822004,0.09195995330810547,0.17287206649780273,0.11069234212239584,0.09604970614115398,0.12203157466390856,0.2004680633544922,0.14773595333099365,0.23516499996185306,0.43602800369262695,0.16291341781616211,0.11246569951375324,0.11240601539611816,0.188831090927124,0.10654303005763464,0.13091172098656725,0.09185749292373656,0.0,0.09195525305611747,331.97468354430384,0.15780493948194715,0.08629743258158366,0.28130364418029785,99.96568291008923,0.0
0.10821073055267334,0.20803659302847727,0.2596830526987712,0.13575849078950428,0.19892678260803226,0.2898524602254232,0.19971683025360107,0.23302391171455386,0.2300675710042317,0.14142155647277832,0.18425132594411334,0.15469696786668566,0.22436667760213214,0.18163797932286416,0.1824357509613037,0.24409897510822004,0.1824357509613037,0.3262623151143392,0.15754924880133736,0.17117607593536374,0.15117801938738146,0.2334051214731657,0.08844939867655438,0.15208581515720912,0.10249197483062744,0.1271688461303711,0.1971925894419352,0.1049436330795288,0.20513783848803974,0.16029300689697265,0.14766319592793786,0.15193867683410645,0.0,0.1461430549621582,331.575,0.256854518254598,0.08573080698649088,0.2476747194925944,100.0,0.0
0.1285229206085205,0.4705076615015666,0.27042198181152344,0.257935094833374,0.11570615768432616,0.141981840133667,0.19971683025360107,0.11111190915107727,0.10954967141151427,0.2082979679107666,0.18370890617370605,0.1135246753692627,0.22436667760213214,0.13918137550354004,0.2559528962985889,0.6414098739624023,0.10594695806503296,0.1676657497882843,0.1168816089630127,0.16808092594146729,0.13349468178219265,0.18957793712615967,0.1887969970703125,0.1707116195133754,0.08685111999511719,0.16226838316236222,0.14003213246663412,0.1611039638519287,0.1846458911895752,0.134042888879776,0.12684043248494467,0.15387797355651855,0.0,0.13648009300231936,331.70370370370375,0.08283021714952257,0.09139053026835124,0.2277197241783142,99.98883430102724,0.0
0.13921080316816056,0.5502061367034912,0.24226632793744404,0.31045885880788165,0.17498493194580078,0.20499808762157173,0.19971683025360107,0.12744498252868652,0.2344008386135101,0.2090139389038086,0.2553086280822754,0.1871957045335036,0.22436667760213214,0.18163797932286416,0.2559528962985889,0.24409897510822004,0.07685410976409912,0.33111367906842915,0.16955142021179198,0.0876920223236084,0.20888094107309976,0.15171003341674805,0.07578372955322266,0.228334379196167,0.2073458466744469,0.1440154512723287,0.09068441390991212,0.1709270477294922,0.2047767639160156,0.11123381342206684,0.0926668643951416,0.11484742164611815,0.0,0.11115066210428874,331.1341463414633,0.19226619601249686,0.08889761567115784,0.20451421397072927,99.96685449121642,0.0
0.11891105771064756,0.16509532928466794,0.6988790035247803,0.11978800156537225,0.12310498952865599,0.1463590463002523,0.19971683025360107,0.11399585550481622,0.09659927231924874,0.19217753410339355,0.18425132594411334,0.11162488460540773,0.22436667760213214,0.18163797932286416,0.2559528962985889,0.24409897510822004,0.16582278578763918,0.293450395266215,0.15071969562106666,0.2525689930965503,0.17590022087097168,0.2334051214731657,0.12623322010040286,0.12631430625915527,0.2073458466744469,0.1253997484842936,0.16228725546816258,0.13071198463439945,0.20513783848803974,0.11739246050516765,0.19556991259257,0.15572444331078306,0.0,0.16864311695098874,330.9759036144578,0.14484597387767972,0.0985785098302932,0.27809850374857586,100.0,0.0
0.09687606493632,0.3739655017852783,0.18485212326049805,0.15088264942169188,0.12663739919662476,0.4805750846862793,0.19971683025360107,0.2343583901723226,0.1277139981587728,0.09331989288330078,0.18425132594411334,0.1191154718399048,0.2040231227874756,0.08384513854980469,0.2559528962985889,0.24409897510822004,0.08384513854980469,0.1175680160522461,0.31165733337402346,0.20731274286905926,0.17536585147564224,0.2178224325180053,0.15411949157714844,0.3202272483280727,0.2478210926055908,0.2506604194641113,0.07519888877868652,0.09905600547790527,0.20513783848803974,0.09591913223266604,0.08297854661941527,0.1811072826385498,0.0,0.11060694285801476,330.17857142857144,0.229983769930326,0.09196706918569712,0.2789645745204045,99.93510005408329,0.0
0.17253528322492326,0.14360658327738446,0.24226632793744404,0.1564436825838956,0.12660551071166992,0.33450833956400555,0.19971683025360107,0.1745826482772827,0.5650669932365417,0.16274261474609375,0.2773619492848714,0.2637299100557963,0.22436667760213214,0.18163797932286416,0.2559528962985889,0.24409897510822004,0.13122093677520752,0.2069176435470581,0.16414501931932238,0.2525689930965503,0.15887752601078578,0.2334051214731657,0.10625901222229003,0.1761692762374878,0.2080185413360596,0.11431713898976645,0.2301829814910889,0.0999139944712321,0.17433500289916992,0.15975069999694824,0.09529399871826172,0.1213032603263855,0.0,0.12440374493598938,329.96470588235286,0.11728671789169312,0.09578337669372558,0.24063754081726074,99.96791100652477,0.0
0.11445435610684485,0.18676727158682688,0.18999290466308594,0.1390641488526997,0.13426788647969565,0.20499808762157173,0.19971683025360107,0.13426788647969565,0.21751151084899906,0.1989150047302246,0.18425132594411334,0.15175275369123978,0.16541441281636554,0.4742000102996826,0.2559528962985889,0.24409897510822004,0.4742000102996826,0.18504504362742105,0.1135718822479248,0.4109165668487549,0.12324748436609904,0.6884698867797852,0.28342191378275555,0.10990101099014282,0.13196992874145508,0.1598869278317406,0.3258487383524577,0.13642785783227718,0.20513783848803974,0.2852967977523804,0.10469236373901368,0.10950350761413574,0.0,0.1084559679031372,330.4186046511628,0.09845125675201416,0.08850966800342906,0.18463946713341609,100.0,0.0
0.1237138184634122,0.1484280824661255,0.20047998428344727,0.11912231147289275,0.2270748615264893,0.20499808762157173,0.2292635440826416,0.13590898513793945,0.1053303877512614,0.2393613111541932,0.1817829608917237,0.094451904296875,0.22436667760213214,0.18163797932286416,0.2559528962985889,0.24409897510822004,0.06422781944274902,0.16332497596740722,0.10994726419448853,0.18847918510437006,0.1253636724808637,0.1957540512084961,0.11004315103803362,0.131569580598311,0.17326295375823975,0.11886719294956752,0.20787853002548207,0.13642785783227718,0.20513783848803974,0.17971781889597574,0.11897044181823732,0.10029292106628418,0.0,0.11348218388027614,330.41379310344826,0.12110639810562135,0.08781708478927612,0.17758222421010336,99.94781882696724,0.0
0.1101372241973877,0.17968508175441195,0.24226632793744404,0.15439495173367587,0.12953853607177734,0.25058567523956304,0.19971683025360107,0.1480382283528646,0.1073204517364502,0.12924528121948242,0.18425132594411334,0.104034389768328,0.22436667760213214,0.1064828634262085,0.2559528962985889,0.24409897510822004,0.1064828634262085,0.2098184823989868,0.141140878200531,0.4839081764221192,0.14654335521516346,0.2334051214731657,0.08585667610168457,0.13765320777893067,0.3751436074574788,0.11239077363695417,0.11131298542022704,0.13642785783227718,0.20513783848803974,0.10532433646065847,0.10735265413920084,0.15572444331078306,0.0,0.12836713790893556,329.8636363636364,0.19277608394622808,0.08400501523699079,0.30688639787527233,99.9586606035552,0.0
0.12701101303100587,0.1756168007850647,0.24226632793744404,0.1486135853661431,0.2178099155426025,0.20499808762157173,0.19971683025360107,0.1542694091796875,0.08280819654464723,0.2393613111541932,0.18425132594411334,0.08315481458391462,0.22436667760213214,0.18163797932286416,0.7991189956665039,0.24409897510822004,0.4377509355545044,0.27268751462300617,0.29531439145406085,0.4716410636901856,0.1827640166649452,0.1920771598815918,0.12450957298278807,0.1421583592891693,0.2207551002502441,0.13381012848445348,0.13225620985031128,0.10216021537780763,0.20513783848803974,0.12618654114859446,0.13294140497843426,0.738663911819458,0.0,0.4358026583989461,329.08988764044943,0.2334149164312026,0.08294360777911018,0.1853748389652797,99.97951449349588,0.0
0.10636388171802867,0.1505030393600464,0.16509199142456055,0.1071748415629069,0.08666908740997313,0.15488004684448242,0.19971683025360107,0.1094060738881429,0.18400915463765466,0.16747713088989258,0.18425132594411334,0.1663567754957411,0.22436667760213214,0.01139211654663086,0.1631929874420166,0.24409897510822004,0.08325320482254027,0.1935299634933472,0.1674234602186415,0.2775893211364746,0.15463011741638186,0.2334051214731657,0.11374211311340332,0.1793992519378662,0.2512140274047852,0.1394369277087125,0.16919616290501185,0.12400007247924805,0.2285075187683105,0.14363636573155722,0.10598504543304443,0.11577997207641602,0.0,0.1182831393347846,329.4666666666667,0.1651104986667633,0.08918485045433044,0.2030007392168045,99.94941319303922,0.0
