key,press_time,release_time,hold_time
Key.shift,1556488307.337575,1556488307.498153,0.16057801246643066
N,1556488307.447423,1556488307.502309,0.0548861026763916
a,1556488307.664951,1556488307.793359,0.12840795516967773
r,1556488307.875896,1556488307.9243572,0.048461198806762695
r,1556488308.035072,1556488308.115063,0.07999086380004883
a,1556488308.1029499,1556488308.227293,0.1243431568145752
t,1556488308.286004,1556488308.350402,0.06439805030822754
i,1556488308.3918972,1556488308.4603,0.06840276718139648
o,1556488308.601233,1556488308.6692538,0.06802082061767578
n,1556488308.768088,1556488308.848437,0.08034896850585938
Key.space,1556488308.8841898,1556488308.964285,0.08009505271911621
m,1556488309.021179,1556488309.1113222,0.09014320373535156
e,1556488309.1461,1556488309.266363,0.12026286125183105
n,1556488309.313909,1556488309.37836,0.06445097923278809
s,1556488309.627053,1556488309.695376,0.06832289695739746
Key.space,1556488309.7800431,1556488309.844287,0.06424379348754883
y,1556488310.084063,1556488310.128253,0.0441899299621582
o,1556488310.124168,1556488310.224401,0.10023307800292969
u,1556488310.2940748,1556488310.36637,0.0722951889038086
',1556488310.536015,1556488310.624058,0.0880429744720459
r,1556488310.6361852,1556488310.743932,0.10774683952331543
e,1556488310.708042,1556488310.79165,0.08360815048217773
Key.space,1556488310.7875571,1556488310.87224,0.08468294143676758
t,1556488310.9569569,1556488311.061044,0.10408711433410645
e,1556488311.012984,1556488311.113369,0.10038495063781738
l,1556488311.144021,1556488311.200269,0.05624794960021973
l,1556488311.315021,1556488311.359352,0.04433107376098633
i,1556488311.497118,1556488311.5612512,0.0641331672668457
n,1556488311.656037,1556488311.707999,0.05196189880371094
g,1556488311.711798,1556488311.7843032,0.07250523567199707
Key.space,1556488311.82543,1556488311.902247,0.07681703567504883
a,1556488311.924065,1556488312.012001,0.0879359245300293
Key.space,1556488312.019934,1556488312.10025,0.08031606674194336
s,1556488312.13286,1556488312.2091892,0.07632923126220703
t,1556488312.2978811,1556488312.382324,0.0844428539276123
o,1556488312.4079301,1556488312.476328,0.06839776039123535
r,1556488312.531832,1556488312.6208792,0.08904719352722168
y,1556488312.609062,1556488312.717341,0.10827898979187012
Key.space,1556488312.748967,1556488312.841238,0.09227108955383301
f,1556488312.93782,1556488313.037724,0.09990406036376953
r,1556488313.006269,1556488313.093875,0.08760595321655273
o,1556488313.057997,1556488313.1222458,0.06424880027770996
m,1556488313.236895,1556488313.325265,0.08836984634399414
Key.space,1556488313.344954,1556488313.448716,0.10376191139221191
a,1556488313.436984,1556488313.545287,0.10830283164978027
Key.space,1556488313.558914,1556488313.651207,0.09229302406311035
c,1556488313.664879,1556488313.7812328,0.11635375022888184
e,1556488313.8398678,1556488313.95632,0.11645221710205078
r,1556488314.066972,1556488314.147288,0.08031606674194336
t,1556488314.277895,1556488314.354393,0.07649803161621094
a,1556488314.737822,1556488314.818269,0.08044695854187012
i,1556488314.85672,1556488314.917293,0.06057310104370117
n,1556488315.02999,1556488315.110307,0.08031702041625977
Key.space,1556488315.126909,1556488315.2191029,0.0921938419342041
v,1556488315.305964,1556488315.374304,0.06834006309509277
i,1556488315.432565,1556488315.483207,0.05064201354980469
e,1556488315.53273,1556488315.641796,0.10906600952148438
w,1556488315.6178792,1556488315.690022,0.0721428394317627
p,1556488315.747701,1556488315.80157,0.053869009017944336
o,1556488315.9124029,1556488315.9885921,0.07618927955627441
i,1556488316.109832,1556488316.1542568,0.04442477226257324
n,1556488316.241924,1556488316.310258,0.06833386421203613
t,1556488316.323957,1556488316.412276,0.08831906318664551
",",1556488316.511949,1556488316.6195068,0.10755777359008789
Key.space,1556488316.6157792,1556488316.696079,0.08029985427856445
a,1556488316.6959,1556488316.784168,0.08826804161071777
n,1556488316.819139,1556488316.879232,0.060092926025390625
d,1556488316.898896,1556488316.963184,0.06428813934326172
Key.space,1556488316.9947782,1556488317.067137,0.07235884666442871
t,1556488317.181859,1556488317.270272,0.08841300010681152
h,1556488317.310327,1556488317.379213,0.06888604164123535
e,1556488317.46383,1556488317.512291,0.048460960388183594
r,1556488317.78986,1556488317.8869991,0.09713912010192871
e,1556488317.874041,1556488317.9342961,0.06025505065917969
Key.space,1556488317.970725,1556488318.0511491,0.08042407035827637
i,1556488318.128896,1556488318.184875,0.055979013442993164
s,1556488318.192843,1556488318.256979,0.06413602828979492
Key.space,1556488318.257249,1556488318.3171148,0.059865713119506836
u,1556488318.438744,1556488318.522895,0.08415102958679199
s,1556488318.5349162,1556488318.6032178,0.06830167770385742
u,1556488318.948972,1556488319.013231,0.06425905227661133
a,1556488319.075333,1556488319.139052,0.06371879577636719
l,1556488319.268971,1556488319.325185,0.056214094161987305
l,1556488319.41487,1556488319.498977,0.0841069221496582
y,1556488319.483043,1556488319.579197,0.09615397453308105
Key.space,1556488319.611858,1556488319.66808,0.05622220039367676
a,1556488319.7137332,1556488319.7899141,0.07618093490600586
Key.space,1556488319.793687,1556488319.866037,0.07234978675842285
r,1556488319.941599,1556488320.040522,0.0989232063293457
e,1556488320.013741,1556488320.11417,0.10042905807495117
a,1556488320.128844,1556488320.2804759,0.15163183212280273
s,1556488320.276741,1556488320.3651352,0.0883941650390625
o,1556488320.411804,1556488320.484133,0.07232904434204102
n,1556488320.6219342,1556488320.6941671,0.07223296165466309
Key.space,1556488321.720656,1556488321.8049972,0.08434128761291504
f,1556488321.837703,1556488321.893867,0.05616402626037598
o,1556488321.9327319,1556488322.0044968,0.07176494598388672
r,1556488322.0234728,1556488322.095975,0.07250213623046875
Key.space,1556488322.096131,1556488322.1640651,0.06793403625488281
t,1556488322.240839,1556488322.333199,0.09236001968383789
h,1556488322.363696,1556488322.432022,0.06832599639892578
e,1556488322.453891,1556488322.509705,0.05581402778625488
Key.space,1556488322.5274339,1556488322.6079261,0.08049225807189941
t,1556488322.6717708,1556488322.779608,0.10783720016479492
e,1556488322.7477162,1556488322.831959,0.0842428207397461
l,1556488322.858731,1556488322.9349692,0.07623815536499023
l,1556488323.035728,1556488323.1039171,0.06818914413452148
i,1556488323.2287629,1556488323.285121,0.05635809898376465
n,1556488323.367788,1556488323.440099,0.0723109245300293
g,1556488323.4647849,1556488323.5331159,0.06833100318908691
.,1556488323.7077608,1556488323.8157911,0.10803031921386719
Key.space,1556488323.7836769,1556488323.884028,0.10035109519958496
Key.shift,1556488323.935966,1556488324.152203,0.21623706817626953
A,1556488324.0437472,1556488324.1238039,0.08005666732788086
l,1556488324.1791449,1556488324.252053,0.07290816307067871
l,1556488324.3508139,1556488324.446522,0.09570813179016113
Key.space,1556488324.430725,1556488324.515114,0.08438897132873535
n,1556488324.648679,1556488324.6969962,0.04831719398498535
a,1556488324.72275,1556488324.811052,0.0883021354675293
r,1556488324.911732,1556488324.964027,0.05229496955871582
r,1556488325.073694,1556488325.153568,0.07987403869628906
a,1556488325.1498199,1556488325.241457,0.09163713455200195
t,1556488325.361751,1556488325.426122,0.06437087059020996
i,1556488325.504577,1556488325.565114,0.060537099838256836
v,1556488325.636686,1556488325.7584,0.12171387672424316
e,1556488325.736799,1556488325.829026,0.09222698211669922
Key.space,1556488325.961733,1556488326.029952,0.06821894645690918
e,1556488326.255169,1556488326.343462,0.08829307556152344
s,1556488326.476757,1556488326.5171032,0.04034614562988281
s,1556488326.630167,1556488326.7657049,0.13553786277770996
a,1556488326.77741,1556488326.874183,0.09677290916442871
y,1556488326.909774,1556488326.997834,0.08805990219116211
s,1556488327.062627,1556488327.138433,0.0758059024810791
Key.space,1556488327.29872,1556488327.366942,0.0682220458984375
h,1556488327.5196931,1556488327.587521,0.06782793998718262
a,1556488327.5716128,1556488327.668,0.09638714790344238
v,1556488328.7946072,1556488328.87062,0.07601284980773926
e,1556488328.870495,1556488328.919065,0.04856991767883301
Key.space,1556488328.966733,1556488329.0426922,0.0759592056274414
c,1556488329.1187599,1556488329.1909702,0.07221031188964844
h,1556488329.272618,1556488329.34497,0.07235193252563477
a,1556488329.3625689,1556488329.459027,0.09645819664001465
r,1556488329.511693,1556488329.619492,0.10779905319213867
a,1556488329.607598,1556488329.767972,0.16037392616271973
c,1556488329.7826161,1556488329.898994,0.1163778305053711
t,1556488330.07967,1556488330.166115,0.08644509315490723
e,1556488330.147639,1556488330.2795892,0.13195013999938965
r,1556488330.291637,1556488330.371949,0.08031201362609863
",",1556488331.026666,1556488331.1586938,0.13202786445617676
Key.space,1556488331.1185951,1556488331.2268229,0.10822772979736328
s,1556488331.2505422,1556488331.331002,0.0804598331451416
e,1556488331.460808,1556488331.5842738,0.12346577644348145
t,1556488331.5926342,1556488331.664918,0.07228374481201172
t,1556488331.776562,1556488331.852961,0.07639908790588379
i,1556488331.867767,1556488331.923973,0.05620598793029785
n,1556488332.013699,1556488332.081989,0.06828999519348145
g,1556488332.081728,1556488332.149931,0.06820297241210938
",",1556488332.259595,1556488332.371632,0.11203718185424805
Key.space,1556488332.355684,1556488332.4478762,0.09219217300415039
a,1556488332.471683,1556488332.559892,0.08820891380310059
Key.space,1556488332.589499,1556488332.653861,0.0643620491027832
c,1556488332.687712,1556488332.7639859,0.07627391815185547
l,1556488332.799838,1556488332.887914,0.08807587623596191
i,1556488333.006575,1556488333.058917,0.05234193801879883
m,1556488333.1895711,1556488333.253539,0.06396794319152832
a,1556488333.26176,1556488333.36592,0.10416007041931152
x,1556488333.556611,1556488333.6448991,0.0882880687713623
",",1556488333.6734662,1556488333.7903512,0.11688494682312012
Key.space,1556488333.7615,1556488333.857684,0.09618401527404785
a,1556488333.906143,1556488333.999406,0.09326314926147461
n,1556488333.987543,1556488334.079848,0.09230494499206543
d,1556488334.108365,1556488334.184596,0.07623100280761719
Key.space,1556488334.192513,1556488334.276812,0.08429908752441406
m,1556488334.340189,1556488334.406707,0.06651806831359863
o,1556488334.503736,1556488334.583431,0.07969498634338379
s,1556488334.5675251,1556488334.6557791,0.08825397491455078
t,1556488334.694386,1556488334.782633,0.08824706077575684
Key.space,1556488334.754526,1556488334.838664,0.08413815498352051
i,1556488334.8916721,1556488334.9599528,0.06828069686889648
m,1556488335.086553,1556488335.142733,0.05618000030517578
p,1556488335.2785249,1556488335.354898,0.07637310028076172
r,1556488335.414645,1556488335.502496,0.08785104751586914
t,1556488335.51057,1556488335.618897,0.10832691192626953
a,1556488335.676981,1556488335.801465,0.12448406219482422
t,1556488335.8134341,1556488335.9138718,0.10043764114379883
n,1556488335.939363,1556488336.023904,0.08454108238220215
t,1556488336.039213,1556488336.119702,0.0804891586303711
l,1556488336.1844952,1556488336.272883,0.08838772773742676
y,1556488336.29251,1556488336.372766,0.08025598526000977
",",1556488336.410458,1556488336.525972,0.11551380157470703
Key.space,1556488336.52585,1556488336.593879,0.06802892684936523
a,1556488336.597964,1556488336.685899,0.08793497085571289
Key.space,1556488336.689962,1556488336.7981582,0.10819625854492188
p,1556488336.838956,1556488337.015405,0.17644882202148438
l,1556488336.983636,1556488337.051797,0.0681610107421875
t,1556488337.5916002,1556488337.671849,0.08024883270263672
.,1556488337.720479,1556488337.812889,0.09241008758544922
Key.enter,1556488338.961375,1556488339.069073,0.10769796371459961
Key.shift,1556488339.228402,1556488339.3805408,0.15213894844055176
T,1556488339.344457,1556488339.412719,0.06826210021972656
h,1556488339.4295108,1556488339.501915,0.07240414619445801
e,1556488339.517513,1556488339.6175098,0.09999680519104004
Key.space,1556488339.625395,1556488339.6854012,0.060006141662597656
p,1556488339.6935802,1556488339.8454762,0.15189599990844727
l,1556488339.80144,1556488339.9018419,0.1004018783569336
o,1556488340.018523,1556488340.0828989,0.0643758773803711
t,1556488340.102576,1556488340.1704938,0.0679178237915039
Key.space,1556488340.182301,1556488340.246505,0.06420397758483887
i,1556488340.3174841,1556488340.381292,0.06380796432495117
s,1556488340.36156,1556488340.453781,0.09222078323364258
Key.space,1556488340.4763808,1556488340.5528,0.07641911506652832
t,1556488340.552611,1556488340.636693,0.08408188819885254
h,1556488340.677931,1556488340.7543511,0.07642006874084473
e,1556488340.6979132,1556488340.786803,0.08888983726501465
Key.space,1556488340.852331,1556488340.928763,0.0764319896697998
f,1556488340.975001,1556488341.0418031,0.0668020248413086
o,1556488341.0819168,1556488341.154793,0.0728762149810791
c,1556488341.2704089,1556488341.334785,0.0643761157989502
u,1556488341.395505,1556488341.4799418,0.08443689346313477
s,1556488341.509452,1556488341.581162,0.07170987129211426
Key.space,1556488341.6571689,1556488341.725646,0.06847715377807617
o,1556488342.159543,1556488342.2354681,0.07592511177062988
f,1556488342.239171,1556488342.319487,0.08031606674194336
Key.space,1556488342.3315132,1556488342.41169,0.08017683029174805
h,1556488342.5905018,1556488342.6627252,0.07222342491149902
Key.backspace,1556488342.964291,1556488343.0245519,0.060260772705078125
t,1556488343.064159,1556488343.120615,0.05645608901977539
h,1556488343.1994739,1556488343.26722,0.06774616241455078
e,1556488343.2551968,1556488343.335697,0.08050012588500977
Key.space,1556488343.804438,1556488343.90084,0.09640192985534668
s,1556488343.900576,1556488343.988766,0.08818984031677246
t,1556488344.208129,1556488344.284606,0.07647705078125
o,1556488344.336232,1556488344.40875,0.07251811027526855
r,1556488344.459405,1556488344.5674062,0.1080012321472168
y,1556488344.575451,1556488344.667718,0.09226703643798828
Key.space,1556488345.671347,1556488345.7436428,0.0722959041595459
a,1556488345.782036,1556488345.882213,0.10017704963684082
n,1556488345.878381,1556488345.970262,0.09188103675842285
d,1556488345.958369,1556488346.0506968,0.09232783317565918
Key.space,1556488346.087239,1556488346.143595,0.056355953216552734
i,1556488346.24647,1556488346.302378,0.0559079647064209
s,1556488346.3103821,1556488346.354681,0.04429888725280762
Key.space,1556488346.3939688,1556488346.4585862,0.06461739540100098
u,1556488346.5683572,1556488346.648631,0.08027386665344238
s,1556488347.061804,1556488347.1259809,0.06417679786682129
u,1556488347.1984022,1556488347.2823381,0.08393597602844238
a,1556488347.2943292,1556488347.382686,0.08835673332214355
l,1556488347.48739,1556488347.559616,0.07222604751586914
l,1556488347.663428,1556488347.731585,0.06815695762634277
y,1556488347.749284,1556488347.829642,0.08035802841186523
Key.space,1556488347.883331,1556488347.95964,0.0763089656829834
r,1556488348.056345,1556488348.15981,0.10346508026123047
e,1556488348.144395,1556488348.2286668,0.08427166938781738
v,1556488348.4163399,1556488348.488322,0.07198214530944824
e,1556488348.492296,1556488348.572674,0.08037805557250977
a,1556488349.855424,1556488349.9797142,0.12429022789001465
l,1556488350.111365,1556488350.203663,0.09229803085327148
e,1556488350.2492821,1556488350.325475,0.07619285583496094
d,1556488350.469339,1556488350.545609,0.07627010345458984
Key.space,1556488350.720163,1556488350.800506,0.08034300804138184
c,1556488351.00625,1556488351.082636,0.0763862133026123
h,1556488351.151121,1556488351.243655,0.09253406524658203
r,1556488351.364207,1556488351.436634,0.07242703437805176
o,1556488351.4872751,1556488351.571512,0.08423686027526855
n,1556488351.7092102,1556488351.805541,0.09633088111877441
o,1556488351.910346,1556488351.9546182,0.04427218437194824
l,1556488352.1001549,1556488352.180614,0.0804591178894043
o,1556488352.3004532,1556488352.372538,0.07208490371704102
g,1556488352.434117,1556488352.4866061,0.05248904228210449
i,1556488352.537171,1556488352.6136162,0.07644534111022949
c,1556488352.920219,1556488353.008107,0.08788800239562988
a,1556488352.9922078,1556488353.084542,0.09233427047729492
l,1556488353.1480231,1556488353.21247,0.06444692611694336
l,1556488353.310215,1556488353.3825521,0.07233715057373047
y,1556488353.430249,1556488353.51057,0.08032107353210449
",",1556488353.7561579,1556488353.863565,0.1074070930480957
Key.space,1556488353.856191,1556488353.9284601,0.07226920127868652
b,1556488354.049216,1556488354.125542,0.07632589340209961
u,1556488354.234334,1556488354.294591,0.0602569580078125
t,1556488354.3502982,1556488354.3995159,0.04921770095825195
Key.space,1556488354.443723,1556488354.50844,0.06471705436706543
t,1556488354.5622468,1556488354.625823,0.06357622146606445
h,1556488354.673936,1556488354.730238,0.05630207061767578
e,1556488354.784396,1556488354.846509,0.062113046646118164
r,1556488354.901365,1556488355.018569,0.11720395088195801
e,1556488355.0111659,1556488355.083214,0.07204818725585938
Key.space,1556488355.1354198,1556488355.200413,0.06499314308166504
a,1556488355.6461189,1556488355.738163,0.09204411506652832
r,1556488355.823243,1556488355.9351602,0.11191725730895996
e,1556488355.8870778,1556488355.991298,0.10422015190124512
Key.space,1556488356.006142,1556488356.082407,0.07626509666442871
s,1556488356.142103,1556488356.221738,0.0796351432800293
o,1556488356.213922,1556488356.2785149,0.06459283828735352
m,1556488356.404172,1556488356.4605088,0.05633687973022461
e,1556488356.4921322,1556488356.576499,0.0843667984008789
t,1556488356.6552389,1556488356.7349398,0.07970094680786133
i,1556488356.747154,1556488356.823467,0.07631301879882812
m,1556488356.945133,1556488357.0166788,0.07154583930969238
e,1556488357.012963,1556488357.081439,0.06847596168518066
s,1556488357.216481,1556488357.3044538,0.08797287940979004
Key.space,1556488357.308429,1556488357.4167612,0.10833215713500977
f,1556488357.567172,1556488357.647496,0.08032393455505371
l,1556488357.714936,1556488357.791436,0.07649993896484375
a,1556488357.814116,1556488357.938259,0.12414288520812988
s,1556488357.918205,1556488358.010467,0.09226202964782715
h,1556488358.0412102,1556488358.101377,0.06016683578491211
-,1556488358.3241549,1556488358.4124632,0.08830833435058594
f,1556488358.59808,1556488358.650506,0.05242609977722168
o,1556488358.7142332,1556488358.7864761,0.07224297523498535
r,1556488358.8073971,1556488358.890728,0.08333086967468262
w,1556488359.494196,1556488359.634149,0.1399531364440918
a,1556488359.5940638,1556488359.746418,0.15235424041748047
r,1556488359.798087,1556488359.886452,0.08836507797241211
d,1556488360.059144,1556488360.146503,0.08735895156860352
s,1556488360.139046,1556488360.219468,0.08042216300964355
Key.space,1556488360.272795,1556488360.337562,0.06476712226867676
a,1556488360.351124,1556488360.443135,0.0920109748840332
n,1556488360.48558,1556488360.5584111,0.0728311538696289
d,1556488360.621282,1556488360.726443,0.10516095161437988
Key.space,1556488361.380967,1556488361.469322,0.08835506439208984
f,1556488362.196844,1556488362.281396,0.08455181121826172
l,1556488362.302985,1556488362.382964,0.07997894287109375
a,1556488362.5007,1556488362.6372821,0.1365821361541748
c,1556488362.668103,1556488362.7444549,0.07635188102722168
h,1556488362.831017,1556488362.8872771,0.056260108947753906
b,1556488363.095989,1556488363.168128,0.07213902473449707
a,1556488363.2030149,1556488363.338944,0.13592910766601562
c,1556488363.356659,1556488363.445379,0.08872008323669434
k,1556488363.495091,1556488363.563467,0.06837606430053711
s,1556488363.6190238,1556488363.679672,0.060648202896118164
.,1556488363.817684,1556488363.917799,0.10011506080627441
Key.space,1556488363.914075,1556488363.99821,0.08413505554199219
Key.shift,1556488364.0517728,1556488364.204257,0.15248417854309082
Key.shift,1556488364.493082,1556488364.86223,0.36914801597595215
I,1556488364.7328682,1556488364.809054,0.07618570327758789
f,1556488364.912883,1556488364.985307,0.07242393493652344
Key.space,1556488365.1069,1556488365.17919,0.07228994369506836
y,1556488365.250022,1556488365.31305,0.06302809715270996
o,1556488365.321098,1556488365.428891,0.10779285430908203
u,1556488365.4250722,1556488365.5166268,0.09155464172363281
',1556488365.747993,1556488365.823927,0.07593393325805664
r,1556488365.827786,1556488365.9398122,0.11202621459960938
e,1556488365.904021,1556488365.996373,0.09235191345214844
Key.space,1556488366.022505,1556488366.095169,0.07266402244567871
l,1556488366.227967,1556488366.316267,0.08829998970031738
o,1556488366.5070531,1556488366.579309,0.07225584983825684
o,1556488366.7008598,1556488366.789276,0.08841609954833984
k,1556488366.8598762,1556488366.936415,0.0765388011932373
i,1556488367.044061,1556488367.108206,0.06414508819580078
n,1556488367.181001,1556488367.248794,0.06779313087463379
g,1556488367.216455,1556488367.2789812,0.06252622604370117
Key.space,1556488367.382978,1556488367.4232152,0.0402371883392334
t,1556488367.459824,1556488367.5393898,0.07956576347351074
o,1556488367.5319521,1556488367.603595,0.07164287567138672
Key.space,1556488367.627247,1556488367.7036219,0.07637476921081543
w,1556488367.7594728,1556488367.839554,0.08008122444152832
r,1556488367.9930701,1556488368.0612538,0.06818366050720215
i,1556488368.2980568,1556488368.3782752,0.08021831512451172
t,1556488368.433899,1556488368.5384068,0.1045079231262207
e,1556488368.510879,1556488368.5952199,0.08434081077575684
Key.space,1556488368.658839,1556488368.751086,0.09224700927734375
a,1556488368.7649322,1556488368.873485,0.10855293273925781
Key.space,1556488368.894707,1556488368.9550169,0.06030988693237305
p,1556488369.0709,1556488369.151309,0.08040904998779297
e,1556488369.1749902,1556488369.274745,0.09975481033325195
r,1556488369.263021,1556488369.3472068,0.08418583869934082
s,1556488369.441849,1556488369.518827,0.07697796821594238
o,1556488369.497962,1556488369.558301,0.06033897399902344
n,1556488369.652878,1556488369.725251,0.0723729133605957
a,1556488369.741745,1556488369.857952,0.11620712280273438
l,1556488369.865796,1556488369.9576478,0.09185171127319336
Key.space,1556488369.9537349,1556488370.038243,0.08450818061828613
n,1556488370.132981,1556488370.2169442,0.08396315574645996
a,1556488370.2248929,1556488370.313241,0.0883481502532959
r,1556488370.3629482,1556488370.423243,0.06029486656188965
r,1556488370.547016,1556488370.6151948,0.06817889213562012
a,1556488370.61498,1556488370.707125,0.09214496612548828
i,1556488371.198802,1556488371.2792351,0.08043313026428223
t,1556488371.6434402,1556488371.692214,0.048773765563964844
Key.backspace,1556488372.358776,1556488372.449705,0.09092879295349121
Key.backspace,1556488372.732873,1556488372.789016,0.05614304542541504
t,1556488373.019806,1556488373.104195,0.08438920974731445
i,1556488373.1432378,1556488373.220151,0.07691311836242676
v,1556488373.331845,1556488373.4836512,0.15180611610412598
e,1556488373.455821,1556488373.552022,0.09620094299316406
Key.space,1556488373.673822,1556488373.766052,0.09223008155822754
e,1556488373.7957592,1556488373.8681548,0.07239556312561035
s,1556488373.9968798,1556488374.0407722,0.04389238357543945
s,1556488374.2338,1556488374.322567,0.08876705169677734
a,1556488374.4420302,1556488374.509881,0.06785082817077637
y,1556488374.54964,1556488374.614026,0.06438612937927246
",",1556488374.85328,1556488374.965814,0.1125340461730957
Key.space,1556488374.945766,1556488375.022104,0.07633805274963379
h,1556488375.164845,1556488375.212508,0.047662973403930664
e,1556488375.208705,1556488375.2931461,0.0844411849975586
r,1556488375.339852,1556488375.459815,0.11996293067932129
e,1556488375.415762,1556488375.5219898,0.10622787475585938
Key.space,1556488375.523904,1556488375.600024,0.07611989974975586
a,1556488375.64334,1556488375.73582,0.09247994422912598
r,1556488375.743617,1556488375.863508,0.11989092826843262
e,1556488375.811881,1556488375.9279518,0.11607074737548828
Key.space,1556488376.133774,1556488376.222045,0.08827090263366699
s,1556488376.262194,1556488376.327127,0.06493306159973145
o,1556488376.340746,1556488376.4051971,0.06445121765136719
m,1556488376.49486,1556488376.614793,0.1199331283569336
e,1556488376.58674,1556488376.67512,0.08838009834289551
Key.space,1556488376.692718,1556488376.77306,0.08034205436706543
t,1556488376.794616,1556488376.8790662,0.08445024490356445
i,1556488376.897732,1556488376.970098,0.07236599922180176
p,1556488377.1318479,1556488377.2079291,0.0760812759399414
s,1556488377.241864,1556488377.305949,0.06408500671386719
Key.space,1556488377.5198221,1556488377.639843,0.12002086639404297
t,1556488377.764792,1556488377.824804,0.060012102127075195
o,1556488377.832866,1556488377.924701,0.09183502197265625
Key.space,1556488377.94309,1556488378.015486,0.07239603996276855
g,1556488378.053205,1556488378.157161,0.10395598411560059
e,1556488378.145205,1556488378.261557,0.11635208129882812
t,1556488378.31179,1556488378.403751,0.09196090698242188
Key.space,1556488378.3476732,1556488378.4361632,0.08849000930786133
o,1556488378.5098271,1556488378.6540952,0.14426803588867188
Key.backspace,1556488379.477788,1556488379.537927,0.06013894081115723
y,1556488379.580312,1556488379.668962,0.08864998817443848
o,1556488379.7265012,1556488379.7864199,0.05991864204406738
u,1556488379.79881,1556488379.859092,0.060281991958618164
r,1556488379.893901,1556488379.9700532,0.07615208625793457
Key.space,1556488380.016681,1556488380.080908,0.06422710418701172
s,1556488380.134994,1556488380.214729,0.07973504066467285
t,1556488380.218509,1556488380.302976,0.08446693420410156
a,1556488380.3707871,1556488380.515041,0.14425396919250488
r,1556488380.550716,1556488380.64288,0.0921640396118164
t,1556488380.761763,1556488380.849525,0.08776187896728516
e,1556488380.825707,1556488380.91804,0.09233307838439941
d,1556488381.043757,1556488381.116066,0.07230901718139648
.,1556488381.1519942,1556488381.228055,0.07606077194213867
Key.enter,1556488381.4685922,1556488381.564972,0.09637975692749023
Key.shift,1556488381.751759,1556488382.043573,0.29181385040283203
W,1556488381.939633,1556488382.019677,0.08004403114318848
h,1556488382.055661,1556488382.119488,0.0638270378112793
e,1556488382.182527,1556488382.278513,0.09598588943481445
n,1556488382.2747421,1556488382.3748941,0.10015201568603516
Key.space,1556488382.401629,1556488382.4939258,0.09229683876037598
w,1556488382.536155,1556488382.649024,0.1128690242767334
r,1556488382.679654,1556488382.7560031,0.07634925842285156
i,1556488382.8205261,1556488382.90501,0.08448386192321777
t,1556488382.941499,1556488383.026001,0.08450198173522949
i,1556488383.07024,1556488383.134929,0.06468892097473145
n,1556488383.230672,1556488383.322675,0.09200310707092285
g,1556488383.334718,1556488383.394975,0.0602569580078125
Key.space,1556488383.420625,1556488383.5009558,0.08033084869384766
a,1556488383.500771,1556488383.63205,0.13127899169921875
Key.space,1556488383.624609,1556488383.712862,0.08825302124023438
n,1556488383.8826208,1556488383.975004,0.09238314628601074
a,1556488384.015969,1556488384.1289861,0.11301708221435547
r,1556488384.183651,1556488384.234869,0.05121803283691406
r,1556488384.342495,1556488384.426883,0.08438801765441895
a,1556488384.735666,1556488384.831996,0.09632992744445801
t,1556488385.028594,1556488385.097085,0.06849098205566406
i,1556488385.193446,1556488385.261953,0.06850719451904297
v,1556488385.330654,1556488385.414015,0.08336114883422852
e,1556488385.406831,1556488385.502815,0.09598398208618164
Key.space,1556488385.537737,1556488385.629879,0.09214210510253906
e,1556488385.688458,1556488385.764989,0.07653093338012695
s,1556488385.885565,1556488385.9539552,0.0683901309967041
s,1556488386.0837471,1556488386.21595,0.1322028636932373
a,1556488386.187624,1556488386.3114638,0.1238398551940918
y,1556488386.299634,1556488386.367883,0.06824898719787598
",",1556488386.589618,1556488386.716699,0.12708091735839844
Key.space,1556488386.697448,1556488386.773786,0.07633805274963379
r,1556488386.805652,1556488386.9131489,0.10749697685241699
e,1556488386.881493,1556488386.9699452,0.08845210075378418
m,1556488387.019068,1556488387.0669281,0.047860145568847656
e,1556488387.157509,1556488387.2619488,0.10443973541259766
m,1556488387.320607,1556488387.3959072,0.07530021667480469
b,1556488387.560689,1556488387.640563,0.07987403869628906
e,1556488387.682976,1556488387.787654,0.10467791557312012
r,1556488387.7880168,1556488387.8519092,0.06389236450195312
",",1556488387.879555,1556488387.99193,0.11237502098083496
Key.backspace,1556488388.943446,1556488389.023824,0.08037805557250977
Key.space,1556488389.0423,1556488389.130792,0.08849191665649414
t,1556488389.226602,1556488389.302779,0.07617688179016113
o,1556488389.3515708,1556488389.4277399,0.07616901397705078
Key.shift,1556488389.636702,1556488389.892961,0.2562589645385742
:,1556488389.770517,1556488389.87653,0.10601282119750977
Key.space,1556488390.409317,1556488390.501174,0.0918569564819336
Key.enter,1556488390.644455,1556488390.728758,0.08430314064025879
Key.shift,1556488391.026599,1556488391.190965,0.1643660068511963
I,1556488391.122514,1556488391.1786041,0.05609011650085449
n,1556488391.267636,1556488391.335882,0.06824588775634766
c,1556488391.381355,1556488391.457552,0.07619690895080566
l,1556488391.4614558,1556488391.577831,0.11637520790100098
u,1556488391.640082,1556488391.719862,0.07978010177612305
d,1556488391.7376451,1556488391.817368,0.07972288131713867
e,1556488391.805485,1556488391.861581,0.05609607696533203
Key.space,1556488391.911168,1556488391.987734,0.07656598091125488
s,1556488392.079561,1556488392.171532,0.09197092056274414
e,1556488392.3015711,1556488392.365887,0.0643157958984375
n,1556488392.4236422,1556488392.501856,0.07821393013000488
s,1556488392.792468,1556488392.8246431,0.03217506408691406
o,1556488393.1094358,1556488393.1898298,0.08039402961730957
r,1556488393.203325,1556488393.303794,0.10046887397766113
y,1556488393.4764988,1556488393.544127,0.06762814521789551
Key.space,1556488393.663399,1556488393.763662,0.10026311874389648
e,1556488393.9655209,1556488394.0218182,0.05629730224609375
m,1556488394.125482,1556488394.173782,0.04830002784729004
o,1556488394.297487,1556488394.3658829,0.06839585304260254
t,1556488394.4245849,1556488394.471819,0.04723405838012695
i,1556488394.546489,1556488394.6307762,0.08428716659545898
a,1556488394.712298,1556488394.788587,0.07628917694091797
n,1556488395.8263922,1556488395.903465,0.0770728588104248
a,1556488395.958604,1556488396.028448,0.06984400749206543
l,1556488396.0401359,1556488396.148472,0.10833621025085449
Key.space,1556488396.132392,1556488396.2206562,0.08826422691345215
d,1556488396.3802931,1556488396.4924622,0.11216902732849121
e,1556488396.4524941,1556488396.5727592,0.12026500701904297
t,1556488396.7263832,1556488396.802054,0.07567071914672852
a,1556488396.798416,1556488396.922729,0.1243131160736084
i,1556488396.938448,1556488396.994709,0.05626106262207031
l,1556488397.1503732,1556488397.226774,0.0764007568359375
s,1556488397.259389,1556488397.323742,0.06435298919677734
",",1556488397.3993862,1556488397.5106728,0.11128664016723633
Key.space,1556488397.479312,1556488397.5716631,0.09235119819641113
s,1556488397.586385,1556488397.6666298,0.08024477958679199
o,1556488397.697424,1556488397.8047302,0.10730624198913574
Key.space,1556488397.7933812,1556488397.889657,0.09627580642700195
t,1556488397.903383,1556488397.967696,0.06431293487548828
h,1556488398.005163,1556488398.0807822,0.07561922073364258
e,1556488398.073364,1556488398.145696,0.07233190536499023
Key.space,1556488398.1858828,1556488398.274604,0.08872127532958984
r,1556488398.314008,1556488398.399041,0.08503293991088867
e,1556488398.37441,1556488398.486704,0.11229419708251953
a,1556488398.5574121,1556488398.676625,0.11921286582946777
s,1556488398.6568608,1556488398.768959,0.11209821701049805
d,1556488399.066719,1556488399.195153,0.1284339427947998
e,1556488399.159382,1556488399.283478,0.12409591674804688
r,1556488399.369758,1556488399.449961,0.08020305633544922
Key.space,1556488399.472724,1556488399.5576682,0.08494424819946289
w,1556488399.585233,1556488399.657728,0.0724949836730957
i,1556488399.673428,1556488399.7457259,0.07229781150817871
l,1556488399.9163918,1556488399.972694,0.05630207061767578
l,1556488400.088289,1556488400.180588,0.09229898452758789
Key.space,1556488400.168375,1556488400.2651362,0.09676122665405273
e,1556488400.2403882,1556488400.312664,0.07227587699890137
x,1556488400.497292,1556488400.5737119,0.07641983032226562
p,1556488400.638114,1556488400.722543,0.08442902565002441
e,1556488400.80611,1556488400.918401,0.11229109764099121
r,1556488400.9186828,1556488401.002702,0.08401918411254883
i,1556488401.104348,1556488401.184414,0.08006596565246582
e,1556488401.16838,1556488401.2726521,0.10427212715148926
n,1556488401.409206,1556488401.533494,0.12428808212280273
c,1556488401.600885,1556488401.682621,0.08173608779907227
e,1556488401.661348,1556488401.765298,0.10394978523254395
Key.space,1556488401.777164,1556488401.853533,0.07636904716491699
t,1556488401.959311,1556488401.984364,0.025053024291992188
h,1556488402.018354,1556488402.089609,0.07125496864318848
e,1556488402.124897,1556488402.195604,0.07070708274841309
Key.space,1556488402.2142131,1556488402.302655,0.08844184875488281
s,1556488402.3592901,1556488402.439423,0.08013296127319336
t,1556488402.471206,1556488402.53573,0.06452393531799316
o,1556488402.639068,1556488402.71561,0.07654213905334473
r,1556488402.772901,1556488402.90537,0.13246893882751465
y,1556488402.876332,1556488402.980669,0.10433697700500488
",",1556488403.273283,1556488403.4131641,0.13988113403320312
Key.space,1556488403.3971689,1556488403.481517,0.08434820175170898
n,1556488403.6112819,1556488403.659595,0.048313140869140625
o,1556488403.775351,1556488403.843592,0.06824088096618652
t,1556488403.870288,1556488403.914447,0.0441591739654541
Key.space,1556488403.914628,1556488403.982454,0.0678260326385498
j,1556488404.0203378,1556488404.1046169,0.08427906036376953
u,1556488404.209536,1556488404.281266,0.07172989845275879
s,1556488404.261298,1556488404.353238,0.09194016456604004
t,1556488404.365053,1556488404.413341,0.04828810691833496
Key.space,1556488404.413596,1556488404.501525,0.08792901039123535
r,1556488404.555856,1556488404.647305,0.09144902229309082
e,1556488404.626817,1556488404.707176,0.08035898208618164
a,1556488404.731206,1556488404.8749871,0.14378118515014648
d,1556488404.855294,1556488404.927541,0.07224702835083008
Key.space,1556488404.9676712,1556488405.04432,0.07664895057678223
a,1556488405.106449,1556488405.2055418,0.09909296035766602
b,1556488405.3462641,1556488405.438323,0.09205889701843262
o,1556488405.446239,1556488405.530293,0.08405399322509766
u,1556488405.514334,1556488405.614445,0.10011100769042969
t,1556488405.646223,1556488405.738394,0.09217095375061035
Key.space,1556488405.706335,1556488405.810498,0.10416293144226074
i,1556488405.8770719,1556488405.9656131,0.08854126930236816
t,1556488406.024835,1556488406.096564,0.07172894477844238
.,1556488406.181343,1556488406.269536,0.08819293975830078
Key.enter,1556488406.4121778,1556488406.5204659,0.10828804969787598
Key.shift,1556488406.617235,1556488406.8651462,0.2479112148284912
A,1556488406.7731469,1556488406.8694,0.0962531566619873
l,1556488406.9382348,1556488406.9985878,0.06035304069519043
l,1556488407.09341,1556488407.153493,0.06008291244506836
o,1556488407.278233,1556488407.3305879,0.05235481262207031
w,1556488407.738225,1556488407.81854,0.08031511306762695
Key.space,1556488407.898119,1556488407.974485,0.07636594772338867
t,1556488408.024155,1556488408.103287,0.079132080078125
h,1556488408.134488,1556488408.213684,0.07919597625732422
e,1556488408.225267,1556488408.289495,0.06422805786132812
Key.space,1556488408.30504,1556488408.3970811,0.0920412540435791
s,1556488408.405138,1556488408.517216,0.11207795143127441
t,1556488408.5292318,1556488408.6055071,0.07627534866333008
o,1556488408.6563041,1556488408.730485,0.07418084144592285
r,1556488408.77497,1556488408.86705,0.09207987785339355
y,1556488408.85535,1556488408.9391732,0.08382320404052734
Key.space,1556488408.9470952,1556488409.038869,0.09177374839782715
t,1556488409.089719,1556488409.168881,0.0791618824005127
o,1556488409.192608,1556488409.2805529,0.08794474601745605
Key.space,1556488409.2846122,1556488409.365435,0.08082270622253418
s,1556488409.3972878,1556488409.477495,0.08020710945129395
u,1556488409.4981382,1556488409.570452,0.07231378555297852
p,1556488409.702244,1556488409.7625039,0.06025981903076172
p,1556488409.8521721,1556488409.972194,0.12002182006835938
o,1556488409.940232,1556488410.012521,0.07228899002075195
r,1556488410.042743,1556488410.146952,0.10420894622802734
t,1556488410.127193,1556488410.2079418,0.0807487964630127
Key.space,1556488410.183,1556488410.279413,0.09641289710998535
t,1556488410.320609,1556488410.393246,0.07263684272766113
h,1556488410.405254,1556488410.4807858,0.0755319595336914
e,1556488410.477206,1556488410.5728111,0.09560513496398926
Key.space,1556488410.568894,1556488410.645484,0.07659006118774414
p,1556488410.700205,1556488410.7884889,0.08828377723693848
o,1556488410.910214,1556488411.0065012,0.09628725051879883
i,1556488411.109039,1556488411.185483,0.07644391059875488
n,1556488411.293171,1556488411.3854861,0.0923151969909668
t,1556488411.417109,1556488411.485497,0.06838798522949219
Key.space,1556488411.544215,1556488411.6203609,0.07614588737487793
y,1556488411.933283,1556488411.9854772,0.05219411849975586
o,1556488412.0000849,1556488412.0804749,0.08038997650146484
u,1556488412.098279,1556488412.186222,0.08794307708740234
',1556488412.353136,1556488412.4291892,0.07605314254760742
r,1556488412.436866,1556488412.5489159,0.11204981803894043
e,1556488412.517139,1556488412.608978,0.09183907508850098
Key.space,1556488412.575576,1556488412.6573062,0.08173012733459473
m,1556488412.7612002,1556488412.8254888,0.06428861618041992
a,1556488412.8252301,1556488412.929416,0.10418581962585449
k,1556488412.949076,1556488413.025449,0.07637310028076172
i,1556488413.1372318,1556488413.193303,0.05607128143310547
n,1556488413.272074,1556488413.344127,0.0720529556274414
g,1556488413.347981,1556488413.408437,0.060456037521362305
",",1556488413.4932108,1556488413.604974,0.11176323890686035
Key.space,1556488413.5771651,1556488413.6692832,0.0921180248260498
a,1556488413.7250829,1556488413.813716,0.08863306045532227
n,1556488413.974056,1556488414.030431,0.05637502670288086
d,1556488414.051072,1556488414.123443,0.07237100601196289
Key.space,1556488414.1468842,1556488414.223166,0.07628178596496582
m,1556488414.330749,1556488414.391375,0.06062602996826172
a,1556488414.444048,1556488414.5203981,0.07635021209716797
k,1556488414.5419478,1556488414.6263769,0.08442902565002441
e,1556488414.6676428,1556488414.7524312,0.08478832244873047
Key.space,1556488414.834094,1556488414.914307,0.08021306991577148
r,1556488415.137873,1556488415.251442,0.11356902122497559
e,1556488415.225824,1556488415.3105369,0.08471274375915527
f,1556488415.5140538,1556488415.614408,0.10035419464111328
e,1556488415.685013,1556488415.805143,0.12013006210327148
r,1556488415.813133,1556488415.913416,0.10028290748596191
n,1556488416.582987,1556488416.659154,0.07616686820983887
c,1556488416.673033,1556488416.78511,0.11207699775695801
e,1556488416.7530491,1556488416.8730361,0.11998701095581055
Key.space,1556488416.833018,1556488416.9251132,0.09209513664245605
t,1556488416.9903302,1556488417.077394,0.08706378936767578
o,1556488417.066001,1556488417.170293,0.10429215431213379
Key.space,1556488417.1540768,1556488417.251382,0.0973052978515625
t,1556488417.2379441,1556488417.302391,0.06444692611694336
h,1556488417.363274,1556488417.4474082,0.08413410186767578
a,1556488417.468079,1556488417.58341,0.11533093452453613
t,1556488417.576019,1556488417.6603131,0.08429408073425293
Key.space,1556488417.859957,1556488417.9362822,0.0763251781463623
p,1556488418.0200472,1556488418.100307,0.08025979995727539
o,1556488418.228811,1556488418.305237,0.07642602920532227
i,1556488418.420974,1556488418.4733891,0.05241513252258301
n,1556488418.555017,1556488418.655295,0.10027790069580078
t,1556488418.674946,1556488418.7270222,0.052076101303100586
Key.space,1556488418.7066848,1556488418.787256,0.08057117462158203
i,1556488418.8869581,1556488418.947381,0.06042289733886719
n,1556488419.047084,1556488419.1153002,0.06821608543395996
Key.space,1556488419.1361961,1556488419.1921668,0.05597066879272461
t,1556488419.211968,1556488419.284327,0.07235908508300781
h,1556488419.3228722,1556488419.390292,0.06741976737976074
e,1556488419.398284,1556488419.474559,0.07627511024475098
Key.space,1556488419.489318,1556488419.569632,0.08031415939331055
f,1556488419.612413,1556488419.676645,0.06423211097717285
i,1556488419.74289,1556488419.8070579,0.06416797637939453
r,1556488419.841814,1556488419.910027,0.06821298599243164
s,1556488419.894026,1556488420.0181718,0.1241457462310791
t,1556488420.0532029,1556488420.132931,0.0797281265258789
Key.space,1556488420.140907,1556488420.249196,0.10828900337219238
s,1556488420.362004,1556488420.4662552,0.10425114631652832
e,1556488420.4818292,1556488420.5742762,0.09244704246520996
n,1556488420.597028,1556488420.665279,0.06825089454650879
t,1556488420.7758012,1556488420.884015,0.10821390151977539
e,1556488420.8438148,1556488420.9562979,0.11248302459716797
n,1556488421.0140202,1556488421.078272,0.06425189971923828
c,1556488421.094992,1556488421.2063308,0.11133885383605957
e,1556488421.198963,1556488421.2833421,0.08437919616699219
.,1556488421.3470368,1556488421.4391239,0.0920870304107666
Key.enter,1556488421.618359,1556488421.7151842,0.09682512283325195
Key.shift,1556488421.867024,1556488422.094951,0.22792696952819824
W,1556488422.026932,1556488422.1472719,0.12033987045288086
r,1556488422.2339132,1556488422.3182669,0.08435368537902832
i,1556488422.3939729,1556488422.478067,0.08409404754638672
t,1556488422.515761,1556488422.603935,0.08817410469055176
e,1556488422.571871,1556488422.663946,0.09207487106323242
Key.space,1556488422.6641762,1556488422.760156,0.09597969055175781
i,1556488422.7847092,1556488422.861324,0.0766148567199707
n,1556488422.925867,1556488423.022005,0.09613800048828125
Key.space,1556488423.022305,1556488423.105688,0.08338308334350586
t,1556488423.1179452,1556488423.198199,0.08025383949279785
h,1556488423.279945,1556488423.355704,0.0757591724395752
e,1556488423.3519528,1556488423.428339,0.0763862133026123
Key.space,1556488423.4799612,1556488423.578772,0.09881091117858887
f,1556488423.58273,1556488423.671243,0.08851289749145508
i,1556488423.740944,1556488423.8132732,0.07232928276062012
r,1556488423.858358,1556488423.927615,0.06925702095031738
s,1556488423.914869,1556488424.039084,0.12421488761901855
t,1556488424.071703,1556488424.143904,0.07220101356506348
Key.space,1556488424.151861,1556488424.236136,0.0842750072479248
o,1556488424.355834,1556488424.4203389,0.06450486183166504
r,1556488424.4796932,1556488424.5432372,0.06354403495788574
Key.space,1556488424.5852768,1556488424.650121,0.06484413146972656
t,1556488424.769873,1556488424.834093,0.06422019004821777
h,1556488424.8584929,1556488424.923219,0.06472611427307129
i,1556488425.016771,1556488425.089237,0.07246589660644531
r,1556488425.112857,1556488425.1850839,0.07222676277160645
d,1556488425.345825,1556488425.410214,0.06438899040222168
Key.space,1556488425.4248168,1556488425.504981,0.08016419410705566
p,1556488425.598872,1556488425.679251,0.08037900924682617
e,1556488425.70181,1556488425.801926,0.10011601448059082
r,1556488425.786001,1556488425.874203,0.08820199966430664
s,1556488425.945885,1556488426.029696,0.08381104469299316
o,1556488426.02596,1556488426.094204,0.06824398040771484
n,1556488426.193953,1556488426.2622342,0.06828117370605469
.,1556488426.4376938,1556488426.506262,0.06856822967529297
